,filename,Mean value of the image,Class,bbox,xmin,ymin,xmax,ymax
0,n04023962_10027,[107.16],n04023962,"[[299, 0, 467, 265]]",299,0,467,265
1,n04023962_10030,[104.25],n04023962,"[[67, 53, 286, 403]]",67,53,286,403
2,n04023962_10108,[108.4],n04023962,"[[220, 0, 335, 498]]",220,0,335,498
3,n04023962_10130,[92.4],n04023962,"[[49, 72, 198, 374]]",49,72,198,374
4,n04023962_10140,[98.81],n04023962,"[[87, 58, 272, 498]]",87,58,272,498
5,n04023962_10183,[109.23],n04023962,"[[354, 33, 499, 374]]",354,33,499,374
6,n04023962_10199,[108.46],n04023962,"[[81, 140, 245, 296]]",81,140,245,296
7,n04023962_10244,[103.13],n04023962,"[[252, 10, 504, 478]]",252,10,504,478
8,n04023962_10303,[159.33],n04023962,"[[84, 69, 499, 263]]",84,69,499,263
9,n04023962_10304,[104.81],n04023962,"[[146, 93, 242, 370]]",146,93,242,370
10,n04023962_10405,[81.59],n04023962,"[[219, 40, 315, 271]]",219,40,315,271
11,n04023962_10463,[121.47],n04023962,"[[271, 0, 416, 308]]",271,0,416,308
12,n04023962_1048,[121.99],n04023962,"[[386, 133, 468, 267]]",386,133,468,267
13,n04023962_10518,[70.22],n04023962,"[[66, 37, 199, 169]]",66,37,199,169
14,n04023962_10542,[80.01],n04023962,"[[136, 138, 206, 383]]",136,138,206,383
15,n04023962_10562,[119.87],n04023962,"[[277, 72, 311, 135]]",277,72,311,135
16,n04023962_10577,[104.37],n04023962,"[[262, 0, 378, 216]]",262,0,378,216
17,n04023962_10666,[110.75],n04023962,"[[1, 1, 175, 287]]",1,1,175,287
18,n04023962_10682,[90.37],n04023962,"[[26, 93, 499, 284]]",26,93,499,284
19,n04023962_10732,[104.46],n04023962,"[[141, 80, 245, 348]]",141,80,245,348
20,n04023962_10752,[58.59],n04023962,"[[278, 3, 396, 374]]",278,3,396,374
21,n04023962_10805,[106.56],n04023962,"[[164, 111, 273, 455]]",164,111,273,455
22,n04023962_10910,[118.7],n04023962,"[[65, 200, 168, 335]]",65,200,168,335
23,n04023962_10919,[100.38],n04023962,"[[66, 62, 140, 173]]",66,62,140,173
24,n04023962_1093,[106.36],n04023962,"[[117, 104, 180, 156]]",117,104,180,156
25,n04023962_10999,[85.12],n04023962,"[[23, 1, 163, 289]]",23,1,163,289
26,n04023962_11073,[58.34],n04023962,"[[285, 16, 396, 288], [451, 39, 499, 244]]",285,16,396,288
27,n04023962_11076,[57.08],n04023962,"[[78, 0, 195, 432]]",78,0,195,432
28,n04023962_1116,[192.64],n04023962,"[[22, 42, 132, 316]]",22,42,132,316
29,n04023962_11210,[119.61],n04023962,"[[261, 0, 373, 246]]",261,0,373,246
30,n04023962_11276,[72.21],n04023962,"[[150, 56, 197, 217]]",150,56,197,217
31,n04023962_11297,[65.53],n04023962,"[[307, 58, 458, 347]]",307,58,458,347
32,n04023962_1132,[188.8],n04023962,"[[210, 8, 345, 374]]",210,8,345,374
33,n04023962_11348,[39.96],n04023962,"[[343, 2, 456, 162]]",343,2,456,162
34,n04023962_11460,[67.09],n04023962,"[[68, 95, 305, 477]]",68,95,305,477
35,n04023962_1153,[113.82],n04023962,"[[289, 118, 353, 237], [389, 67, 445, 226], [107, 82, 199, 240], [451, 79, 496, 207]]",289,118,353,237
36,n04023962_1163,[159.71],n04023962,"[[0, 0, 67, 199]]",0,0,67,199
37,n04023962_11674,[88.41],n04023962,"[[187, 68, 215, 150], [254, 60, 281, 157]]",187,68,215,150
38,n04023962_11675,[72.65],n04023962,"[[258, 150, 299, 206]]",258,150,299,206
39,n04023962_1175,[82.52],n04023962,"[[166, 0, 319, 200]]",166,0,319,200
40,n04023962_11778,[135.52],n04023962,"[[363, 2, 489, 290]]",363,2,489,290
41,n04023962_11795,[153.94],n04023962,"[[101, 56, 297, 447]]",101,56,297,447
42,n04023962_118,[73.73],n04023962,"[[198, 185, 302, 366]]",198,185,302,366
43,n04023962_11951,[94.33],n04023962,"[[0, 37, 271, 332]]",0,37,271,332
44,n04023962_11965,[97.45],n04023962,"[[92, 2, 235, 338]]",92,2,235,338
45,n04023962_12095,[78.76],n04023962,"[[81, 179, 226, 485]]",81,179,226,485
46,n04023962_12108,[92.61],n04023962,"[[264, 0, 351, 288]]",264,0,351,288
47,n04023962_12111,[65.58],n04023962,"[[0, 0, 62, 371]]",0,0,62,371
48,n04023962_12148,[74.01],n04023962,"[[52, 42, 146, 188]]",52,42,146,188
49,n04023962_1217,[84.0],n04023962,"[[312, 0, 499, 247]]",312,0,499,247
50,n04023962_1232,[132.25],n04023962,"[[232, 0, 314, 259]]",232,0,314,259
51,n04023962_12424,[95.1],n04023962,"[[13, 81, 179, 294]]",13,81,179,294
52,n04023962_12432,[98.99],n04023962,"[[202, 0, 336, 349]]",202,0,336,349
53,n04023962_12434,[117.91],n04023962,"[[8, 0, 170, 482]]",8,0,170,482
54,n04023962_12467,[50.72],n04023962,"[[108, 0, 215, 374]]",108,0,215,374
55,n04023962_12492,[130.61],n04023962,"[[11, 154, 497, 332]]",11,154,497,332
56,n04023962_12496,[61.89],n04023962,"[[65, 69, 233, 180]]",65,69,233,180
57,n04023962_12527,[60.77],n04023962,"[[6, 49, 113, 374]]",6,49,113,374
58,n04023962_12548,[151.19],n04023962,"[[96, 66, 264, 337]]",96,66,264,337
59,n04023962_12625,[104.19],n04023962,"[[92, 0, 173, 143]]",92,0,173,143
60,n04023962_1277,[82.28],n04023962,"[[22, 50, 331, 498]]",22,50,331,498
61,n04023962_12984,[146.15],n04023962,"[[235, 0, 340, 202]]",235,0,340,202
62,n04023962_13058,[64.9],n04023962,"[[0, 61, 120, 374]]",0,61,120,374
63,n04023962_13092,[129.94],n04023962,"[[105, 0, 256, 321]]",105,0,256,321
64,n04023962_1311,[138.42],n04023962,"[[16, 0, 62, 59]]",16,0,62,59
65,n04023962_13175,[112.99],n04023962,"[[0, 0, 331, 498]]",0,0,331,498
66,n04023962_13239,[97.61],n04023962,"[[311, 134, 431, 234]]",311,134,431,234
67,n04023962_1324,[116.85],n04023962,"[[0, 18, 162, 327]]",0,18,162,327
68,n04023962_13249,[108.31],n04023962,"[[99, 0, 384, 374]]",99,0,384,374
69,n04023962_1327,[105.6],n04023962,"[[321, 1, 405, 346]]",321,1,405,346
70,n04023962_13343,[88.84],n04023962,"[[33, 11, 57, 74]]",33,11,57,74
71,n04023962_1337,[128.41],n04023962,"[[21, 14, 136, 203]]",21,14,136,203
72,n04023962_13495,[144.95],n04023962,"[[185, 2, 257, 271]]",185,2,257,271
73,n04023962_13498,[103.59],n04023962,"[[214, 33, 499, 242]]",214,33,499,242
74,n04023962_13613,[94.29],n04023962,"[[202, 110, 458, 214]]",202,110,458,214
75,n04023962_13783,[114.99],n04023962,"[[103, 0, 337, 498]]",103,0,337,498
76,n04023962_13979,[99.6],n04023962,"[[95, 19, 174, 262]]",95,19,174,262
77,n04023962_14085,[66.03],n04023962,"[[5, 0, 172, 330]]",5,0,172,330
78,n04023962_14110,[122.97],n04023962,"[[46, 0, 200, 374]]",46,0,200,374
79,n04023962_14166,[61.73],n04023962,"[[204, 2, 305, 202]]",204,2,305,202
80,n04023962_14170,[101.17],n04023962,"[[266, 111, 320, 176]]",266,111,320,176
81,n04023962_14195,[59.17],n04023962,"[[86, 126, 175, 238]]",86,126,175,238
82,n04023962_14216,[71.88],n04023962,"[[22, 1, 185, 337]]",22,1,185,337
83,n04023962_14286,[133.52],n04023962,"[[56, 83, 117, 227]]",56,83,117,227
84,n04023962_14300,[106.15],n04023962,"[[6, 0, 304, 498]]",6,0,304,498
85,n04023962_14322,[86.67],n04023962,"[[280, 1, 362, 170]]",280,1,362,170
86,n04023962_14363,[80.37],n04023962,"[[188, 115, 293, 373]]",188,115,293,373
87,n04023962_1437,[55.01],n04023962,"[[97, 84, 377, 372]]",97,84,377,372
88,n04023962_14410,[98.4],n04023962,"[[142, 0, 276, 236]]",142,0,276,236
89,n04023962_14421,[64.64],n04023962,"[[1, 0, 240, 333]]",1,0,240,333
90,n04023962_14464,[69.63],n04023962,"[[147, 0, 266, 498]]",147,0,266,498
91,n04023962_14498,[51.66],n04023962,"[[58, 1, 121, 260]]",58,1,121,260
92,n04023962_14595,[99.37],n04023962,"[[234, 20, 437, 367]]",234,20,437,367
93,n04023962_14630,[121.79],n04023962,"[[212, 1, 373, 497]]",212,1,373,497
94,n04023962_14727,[117.82],n04023962,"[[87, 18, 201, 288]]",87,18,201,288
95,n04023962_14756,[39.4],n04023962,"[[229, 172, 313, 298]]",229,172,313,298
96,n04023962_14865,[119.5],n04023962,"[[280, 105, 428, 373]]",280,105,428,373
97,n04023962_1489,[141.63],n04023962,"[[12, 50, 256, 946]]",12,50,256,946
98,n04023962_14943,[81.84],n04023962,"[[213, 0, 270, 318]]",213,0,270,318
99,n04023962_14954,[96.17],n04023962,"[[74, 66, 131, 276]]",74,66,131,276
100,n04023962_14997,[76.93],n04023962,"[[78, 14, 287, 345]]",78,14,287,345
101,n04023962_15133,[83.78],n04023962,"[[1, 0, 249, 456]]",1,0,249,456
102,n04023962_15238,[104.01],n04023962,"[[33, 85, 91, 288]]",33,85,91,288
103,n04023962_15299,[91.32],n04023962,"[[60, 0, 184, 214]]",60,0,184,214
104,n04023962_15324,[43.26],n04023962,"[[266, 0, 401, 264]]",266,0,401,264
105,n04023962_15417,[74.69],n04023962,"[[287, 5, 484, 299]]",287,5,484,299
106,n04023962_15496,[162.07],n04023962,"[[230, 0, 328, 296]]",230,0,328,296
107,n04023962_15513,[87.79],n04023962,"[[221, 7, 329, 498], [56, 0, 224, 141]]",221,7,329,498
108,n04023962_15544,[101.42],n04023962,"[[21, 132, 173, 498]]",21,132,173,498
109,n04023962_15613,[47.7],n04023962,"[[151, 177, 265, 374]]",151,177,265,374
110,n04023962_15676,[150.4],n04023962,"[[170, 0, 289, 238]]",170,0,289,238
111,n04023962_15701,[89.05],n04023962,"[[122, 1, 261, 338]]",122,1,261,338
112,n04023962_15702,[132.59],n04023962,"[[204, 20, 246, 133], [293, 14, 369, 308], [137, 72, 193, 235]]",204,20,246,133
113,n04023962_15732,[92.5],n04023962,"[[42, 0, 182, 332]]",42,0,182,332
114,n04023962_15738,[111.77],n04023962,"[[343, 19, 479, 315]]",343,19,479,315
115,n04023962_1580,[64.76],n04023962,"[[123, 0, 317, 367]]",123,0,317,367
116,n04023962_15801,[113.4],n04023962,"[[5, 0, 61, 252]]",5,0,61,252
117,n04023962_1582,[99.26],n04023962,"[[71, 60, 246, 407]]",71,60,246,407
118,n04023962_15856,[101.8],n04023962,"[[40, 0, 297, 466]]",40,0,297,466
119,n04023962_15858,[124.3],n04023962,"[[66, 0, 161, 331]]",66,0,161,331
120,n04023962_15879,[53.19],n04023962,"[[0, 0, 225, 498]]",0,0,225,498
121,n04023962_15883,[76.14],n04023962,"[[0, 0, 174, 324]]",0,0,174,324
122,n04023962_15978,[116.66],n04023962,"[[232, 0, 336, 160]]",232,0,336,160
123,n04023962_16004,[26.39],n04023962,"[[96, 0, 259, 332]]",96,0,259,332
124,n04023962_16117,[119.06],n04023962,"[[107, 0, 231, 327]]",107,0,231,327
125,n04023962_16165,[41.99],n04023962,"[[0, 0, 191, 397]]",0,0,191,397
126,n04023962_16168,[129.87],n04023962,"[[197, 0, 282, 358]]",197,0,282,358
127,n04023962_16169,[96.41],n04023962,"[[35, 0, 150, 497]]",35,0,150,497
128,n04023962_16223,[72.72],n04023962,"[[0, 0, 75, 438]]",0,0,75,438
129,n04023962_16254,[110.25],n04023962,"[[121, 0, 255, 400]]",121,0,255,400
130,n04023962_163,[149.61],n04023962,"[[213, 78, 244, 130]]",213,78,244,130
131,n04023962_16469,[84.27],n04023962,"[[148, 0, 250, 367]]",148,0,250,367
132,n04023962_16581,[102.86],n04023962,"[[108, 47, 281, 433]]",108,47,281,433
133,n04023962_16606,[98.68],n04023962,"[[410, 4, 494, 317]]",410,4,494,317
134,n04023962_16710,[109.94],n04023962,"[[227, 0, 499, 374]]",227,0,499,374
135,n04023962_16731,[71.25],n04023962,"[[28, 0, 148, 422]]",28,0,148,422
136,n04023962_16758,[74.49],n04023962,"[[68, 1, 414, 374]]",68,1,414,374
137,n04023962_16855,[30.11],n04023962,"[[402, 3, 499, 332]]",402,3,499,332
138,n04023962_16859,[105.34],n04023962,"[[243, 0, 333, 374]]",243,0,333,374
139,n04023962_16880,[85.25],n04023962,"[[92, 64, 182, 183]]",92,64,182,183
140,n04023962_1690,[65.09],n04023962,"[[112, 0, 284, 310]]",112,0,284,310
141,n04023962_16937,[80.24],n04023962,"[[73, 73, 121, 265], [125, 55, 236, 270]]",73,73,121,265
142,n04023962_17096,[141.9],n04023962,"[[78, 0, 224, 493]]",78,0,224,493
143,n04023962_17151,[115.38],n04023962,"[[178, 0, 304, 363]]",178,0,304,363
144,n04023962_17210,[63.48],n04023962,"[[58, 1, 189, 374]]",58,1,189,374
145,n04023962_17345,[114.45],n04023962,"[[47, 8, 221, 332]]",47,8,221,332
146,n04023962_17395,[108.36],n04023962,"[[52, 73, 86, 115]]",52,73,86,115
147,n04023962_17408,[88.51],n04023962,"[[9, 40, 499, 241]]",9,40,499,241
148,n04023962_17435,[85.28],n04023962,"[[137, 148, 297, 458]]",137,148,297,458
149,n04023962_17528,[105.87],n04023962,"[[262, 0, 434, 374]]",262,0,434,374
150,n04023962_17553,[109.87],n04023962,"[[188, 50, 326, 297]]",188,50,326,297
151,n04023962_17564,[49.81],n04023962,"[[296, 212, 413, 351]]",296,212,413,351
152,n04023962_17599,[87.86],n04023962,"[[0, 0, 108, 498]]",0,0,108,498
153,n04023962_17638,[108.99],n04023962,"[[345, 75, 497, 373]]",345,75,497,373
154,n04023962_17673,[105.25],n04023962,"[[174, 2, 315, 372]]",174,2,315,372
155,n04023962_17684,[126.03],n04023962,"[[116, 0, 238, 451]]",116,0,238,451
156,n04023962_17705,[110.02],n04023962,"[[105, 2, 206, 470]]",105,2,206,470
157,n04023962_18048,[25.01],n04023962,"[[169, 0, 278, 266]]",169,0,278,266
158,n04023962_18187,[75.57],n04023962,"[[31, 0, 237, 141]]",31,0,237,141
159,n04023962_18197,[116.95],n04023962,"[[60, 0, 176, 447]]",60,0,176,447
160,n04023962_1823,[206.78],n04023962,"[[173, 145, 322, 414]]",173,145,322,414
161,n04023962_18285,[89.42],n04023962,"[[5, 28, 191, 498]]",5,28,191,498
162,n04023962_18315,[104.25],n04023962,"[[217, 128, 256, 321]]",217,128,256,321
163,n04023962_18431,[144.14],n04023962,"[[171, 7, 225, 141]]",171,7,225,141
164,n04023962_18448,[88.83],n04023962,"[[336, 69, 381, 203], [66, 49, 120, 252], [235, 75, 288, 147], [32, 124, 59, 153]]",336,69,381,203
165,n04023962_18495,[77.35],n04023962,"[[23, 0, 131, 420]]",23,0,131,420
166,n04023962_18563,[87.94],n04023962,"[[364, 0, 463, 143]]",364,0,463,143
167,n04023962_18587,[122.24],n04023962,"[[271, 0, 390, 269]]",271,0,390,269
168,n04023962_18602,[111.03],n04023962,"[[22, 2, 205, 367]]",22,2,205,367
169,n04023962_18630,[58.65],n04023962,"[[22, 1, 116, 222]]",22,1,116,222
170,n04023962_18636,[37.58],n04023962,"[[0, 3, 332, 498]]",0,3,332,498
171,n04023962_18704,[109.08],n04023962,"[[356, 6, 498, 391]]",356,6,498,391
172,n04023962_18733,[64.02],n04023962,"[[221, 208, 372, 498]]",221,208,372,498
173,n04023962_18760,[168.98],n04023962,"[[72, 0, 256, 492]]",72,0,256,492
174,n04023962_18939,[143.95],n04023962,"[[335, 31, 387, 265]]",335,31,387,265
175,n04023962_18941,[72.27],n04023962,"[[61, 0, 233, 497]]",61,0,233,497
176,n04023962_19126,[168.09],n04023962,"[[229, 58, 289, 413]]",229,58,289,413
177,n04023962_19214,[60.48],n04023962,"[[214, 2, 314, 284]]",214,2,314,284
178,n04023962_1924,[108.9],n04023962,"[[212, 98, 313, 316]]",212,98,313,316
179,n04023962_19250,[89.2],n04023962,"[[151, 32, 320, 263]]",151,32,320,263
180,n04023962_19651,[124.28],n04023962,"[[133, 0, 224, 334]]",133,0,224,334
181,n04023962_19770,[106.52],n04023962,"[[222, 1, 333, 242]]",222,1,333,242
182,n04023962_19790,[94.96],n04023962,"[[344, 0, 498, 208]]",344,0,498,208
183,n04023962_1981,[124.69],n04023962,"[[199, 116, 271, 291], [352, 91, 480, 374], [28, 0, 168, 374]]",199,116,271,291
184,n04023962_19833,[139.65],n04023962,"[[254, 178, 297, 277]]",254,178,297,277
185,n04023962_19842,[97.91],n04023962,"[[326, 1, 495, 356]]",326,1,495,356
186,n04023962_1992,[116.58],n04023962,"[[48, 50, 155, 336]]",48,50,155,336
187,n04023962_19957,[116.32],n04023962,"[[205, 1, 433, 314]]",205,1,433,314
188,n04023962_20126,[45.6],n04023962,"[[0, 47, 90, 447]]",0,47,90,447
189,n04023962_20163,[81.06],n04023962,"[[73, 26, 306, 498]]",73,26,306,498
190,n04023962_20230,[97.6],n04023962,"[[233, 0, 307, 274]]",233,0,307,274
191,n04023962_20234,[105.08],n04023962,"[[353, 1, 498, 392]]",353,1,498,392
192,n04023962_2028,[94.93],n04023962,"[[13, 131, 499, 266]]",13,131,499,266
193,n04023962_2032,[196.54],n04023962,"[[88, 1, 209, 360]]",88,1,209,360
194,n04023962_20344,[93.97],n04023962,"[[0, 0, 332, 498]]",0,0,332,498
195,n04023962_20421,[98.36],n04023962,"[[197, 28, 314, 308]]",197,28,314,308
196,n04023962_20497,[104.74],n04023962,"[[96, 103, 266, 463]]",96,103,266,463
197,n04023962_20606,[102.82],n04023962,"[[71, 26, 232, 470], [197, 5, 331, 498]]",71,26,232,470
198,n04023962_20755,[108.56],n04023962,"[[322, 1, 377, 142]]",322,1,377,142
199,n04023962_20769,[101.31],n04023962,"[[370, 1, 466, 285], [47, 22, 147, 165]]",370,1,466,285
200,n04023962_20782,[29.07],n04023962,"[[184, 2, 252, 190]]",184,2,252,190
201,n04023962_20786,[75.23],n04023962,"[[8, 96, 62, 152]]",8,96,62,152
202,n04023962_20790,[73.42],n04023962,"[[302, 0, 388, 174]]",302,0,388,174
203,n04023962_20821,[43.2],n04023962,"[[13, 161, 336, 217]]",13,161,336,217
204,n04023962_20853,[115.42],n04023962,"[[123, 1, 267, 273]]",123,1,267,273
205,n04023962_20883,[35.87],n04023962,"[[367, 0, 499, 332]]",367,0,499,332
206,n04023962_20938,[48.29],n04023962,"[[320, 73, 405, 251]]",320,73,405,251
207,n04023962_20986,[102.8],n04023962,"[[312, 173, 409, 374]]",312,173,409,374
208,n04023962_21004,[87.57],n04023962,"[[241, 141, 415, 374]]",241,141,415,374
209,n04023962_21015,[93.8],n04023962,"[[34, 0, 231, 275], [317, 0, 392, 98]]",34,0,231,275
210,n04023962_2102,[83.0],n04023962,"[[26, 57, 200, 421]]",26,57,200,421
211,n04023962_21025,[95.86],n04023962,"[[53, 26, 152, 380]]",53,26,152,380
212,n04023962_2111,[43.04],n04023962,"[[22, 1, 265, 374]]",22,1,265,374
213,n04023962_21125,[40.08],n04023962,"[[0, 0, 328, 332]]",0,0,328,332
214,n04023962_21149,[97.53],n04023962,"[[1, 1, 124, 325]]",1,1,124,325
215,n04023962_21212,[111.57],n04023962,"[[246, 2, 311, 297]]",246,2,311,297
216,n04023962_21240,[137.66],n04023962,"[[281, 1, 373, 498]]",281,1,373,498
217,n04023962_21292,[108.79],n04023962,"[[4, 0, 285, 374]]",4,0,285,374
218,n04023962_21358,[118.73],n04023962,"[[142, 45, 215, 316]]",142,45,215,316
219,n04023962_21363,[117.22],n04023962,"[[88, 48, 250, 485]]",88,48,250,485
220,n04023962_21365,[144.3],n04023962,"[[110, 31, 282, 461]]",110,31,282,461
221,n04023962_21399,[73.52],n04023962,"[[257, 231, 335, 365]]",257,231,335,365
222,n04023962_21405,[57.38],n04023962,"[[2, 0, 124, 267]]",2,0,124,267
223,n04023962_21424,[117.8],n04023962,"[[110, 0, 265, 473], [250, 6, 320, 441], [0, 67, 43, 306]]",110,0,265,473
224,n04023962_21453,[58.34],n04023962,"[[215, 68, 266, 320]]",215,68,266,320
225,n04023962_2148,[139.13],n04023962,"[[195, 18, 310, 322], [97, 38, 195, 324], [31, 86, 98, 325]]",195,18,310,322
226,n04023962_21484,[116.81],n04023962,"[[210, 3, 343, 337]]",210,3,343,337
227,n04023962_21583,[132.71],n04023962,"[[251, 113, 304, 233]]",251,113,304,233
228,n04023962_21636,[45.29],n04023962,"[[88, 1, 131, 155]]",88,1,131,155
229,n04023962_2164,[82.59],n04023962,"[[302, 7, 418, 254]]",302,7,418,254
230,n04023962_21754,[111.48],n04023962,"[[126, 17, 250, 165]]",126,17,250,165
231,n04023962_21805,[80.3],n04023962,"[[0, 0, 192, 399]]",0,0,192,399
232,n04023962_21891,[93.1],n04023962,"[[272, 0, 373, 352]]",272,0,373,352
233,n04023962_21934,[93.79],n04023962,"[[77, 91, 124, 238], [201, 102, 234, 214], [276, 115, 307, 205], [325, 120, 352, 194], [363, 125, 384, 191]]",77,91,124,238
234,n04023962_21993,[113.59],n04023962,"[[71, 110, 253, 498]]",71,110,253,498
235,n04023962_2201,[197.8],n04023962,"[[12, 1, 35, 76], [39, 38, 99, 78]]",12,1,35,76
236,n04023962_22027,[113.13],n04023962,"[[0, 22, 172, 498]]",0,22,172,498
237,n04023962_2212,[125.64],n04023962,"[[258, 111, 308, 216]]",258,111,308,216
238,n04023962_2213,[22.26],n04023962,"[[41, 0, 225, 255]]",41,0,225,255
239,n04023962_22138,[83.08],n04023962,"[[156, 6, 206, 123]]",156,6,206,123
240,n04023962_22196,[26.19],n04023962,"[[25, 3, 165, 455]]",25,3,165,455
241,n04023962_22220,[83.79],n04023962,"[[0, 2, 372, 498]]",0,2,372,498
242,n04023962_22261,[45.98],n04023962,"[[146, 109, 421, 202], [41, 144, 368, 245]]",146,109,421,202
243,n04023962_22287,[122.66],n04023962,"[[109, 3, 154, 131]]",109,3,154,131
244,n04023962_22374,[107.6],n04023962,"[[68, 2, 287, 497]]",68,2,287,497
245,n04023962_22404,[88.7],n04023962,"[[234, 0, 301, 219]]",234,0,301,219
246,n04023962_22424,[97.49],n04023962,"[[33, 27, 95, 242]]",33,27,95,242
247,n04023962_22495,[85.19],n04023962,"[[375, 0, 499, 357]]",375,0,499,357
248,n04023962_22570,[85.84],n04023962,"[[76, 26, 264, 498]]",76,26,264,498
249,n04023962_22621,[68.09],n04023962,"[[138, 5, 240, 345]]",138,5,240,345
250,n04023962_22652,[84.59],n04023962,"[[90, 96, 228, 498]]",90,96,228,498
251,n04023962_22682,[91.66],n04023962,"[[273, 137, 317, 264]]",273,137,317,264
252,n04023962_22712,[106.68],n04023962,"[[76, 7, 241, 497]]",76,7,241,497
253,n04023962_22781,[101.77],n04023962,"[[170, 72, 224, 357]]",170,72,224,357
254,n04023962_22884,[115.09],n04023962,"[[32, 0, 282, 498]]",32,0,282,498
255,n04023962_22895,[134.53],n04023962,"[[45, 7, 195, 356]]",45,7,195,356
256,n04023962_2292,[147.09],n04023962,"[[11, 62, 80, 89], [12, 0, 46, 62], [48, 0, 80, 60]]",11,62,80,89
257,n04023962_22931,[67.72],n04023962,"[[176, 20, 251, 251]]",176,20,251,251
258,n04023962_22964,[44.33],n04023962,"[[188, 85, 256, 287]]",188,85,256,287
259,n04023962_2316,[105.96],n04023962,"[[0, 0, 238, 280]]",0,0,238,280
260,n04023962_2317,[106.22],n04023962,"[[103, 161, 252, 495]]",103,161,252,495
261,n04023962_2333,[65.2],n04023962,"[[342, 0, 499, 223]]",342,0,499,223
262,n04023962_2356,[105.83],n04023962,"[[96, 217, 247, 498]]",96,217,247,498
263,n04023962_2357,[111.8],n04023962,"[[222, 160, 284, 358], [5, 37, 127, 345], [360, 2, 498, 335]]",222,160,284,358
264,n04023962_2366,[75.51],n04023962,"[[0, 0, 128, 298]]",0,0,128,298
265,n04023962_2440,[133.16],n04023962,"[[59, 0, 145, 173]]",59,0,145,173
266,n04023962_2503,[137.17],n04023962,"[[58, 12, 100, 154]]",58,12,100,154
267,n04023962_2510,[118.74],n04023962,"[[46, 41, 318, 465]]",46,41,318,465
268,n04023962_2519,[111.19],n04023962,"[[63, 0, 327, 332]]",63,0,327,332
269,n04023962_2541,[169.05],n04023962,"[[0, 37, 61, 331]]",0,37,61,331
270,n04023962_2560,[191.92],n04023962,"[[98, 0, 159, 134], [5, 0, 67, 134]]",98,0,159,134
271,n04023962_2568,[138.27],n04023962,"[[165, 65, 487, 766]]",165,65,487,766
272,n04023962_2602,[56.25],n04023962,"[[318, 88, 381, 285]]",318,88,381,285
273,n04023962_2610,[96.12],n04023962,"[[167, 88, 234, 168]]",167,88,234,168
274,n04023962_2622,[143.9],n04023962,"[[447, 0, 928, 930], [6, 158, 443, 732]]",447,0,928,930
275,n04023962_2639,[58.34],n04023962,"[[55, 46, 292, 380]]",55,46,292,380
276,n04023962_267,[101.46],n04023962,"[[337, 144, 399, 219]]",337,144,399,219
277,n04023962_2676,[77.95],n04023962,"[[233, 0, 329, 247]]",233,0,329,247
278,n04023962_2698,[113.51],n04023962,"[[0, 2, 90, 336]]",0,2,90,336
279,n04023962_27087,[129.72],n04023962,"[[155, 115, 205, 354]]",155,115,205,354
280,n04023962_2714,[106.77],n04023962,"[[107, 95, 220, 345]]",107,95,220,345
281,n04023962_2719,[162.7],n04023962,"[[94, 49, 139, 150], [55, 47, 94, 149]]",94,49,139,150
282,n04023962_2746,[192.51],n04023962,"[[36, 7, 89, 99]]",36,7,89,99
283,n04023962_2753,[134.87],n04023962,"[[100, 0, 332, 750]]",100,0,332,750
284,n04023962_2800,[104.38],n04023962,"[[62, 16, 459, 668]]",62,16,459,668
285,n04023962_2853,[80.59],n04023962,"[[131, 0, 369, 334]]",131,0,369,334
286,n04023962_2869,[117.67],n04023962,"[[0, 0, 226, 273]]",0,0,226,273
287,n04023962_29340,[72.69],n04023962,"[[217, 127, 306, 348]]",217,127,306,348
288,n04023962_29803,[77.69],n04023962,"[[0, 3, 174, 482]]",0,3,174,482
289,n04023962_3006,[93.54],n04023962,"[[42, 102, 140, 202]]",42,102,140,202
290,n04023962_3019,[28.6],n04023962,"[[22, 87, 141, 332]]",22,87,141,332
291,n04023962_3025,[147.89],n04023962,"[[15, 57, 144, 492]]",15,57,144,492
292,n04023962_30257,[120.68],n04023962,"[[126, 0, 239, 343]]",126,0,239,343
293,n04023962_3059,[90.49],n04023962,"[[57, 47, 222, 228]]",57,47,222,228
294,n04023962_30722,[72.22],n04023962,"[[28, 0, 222, 353], [7, 70, 31, 213]]",28,0,222,353
295,n04023962_3158,[63.73],n04023962,"[[0, 1, 142, 324]]",0,1,142,324
296,n04023962_3168,[94.63],n04023962,"[[4, 45, 79, 316]]",4,45,79,316
297,n04023962_3189,[36.2],n04023962,"[[309, 0, 499, 340]]",309,0,499,340
298,n04023962_32154,[116.43],n04023962,"[[159, 0, 271, 363]]",159,0,271,363
299,n04023962_3221,[109.08],n04023962,"[[109, 0, 374, 320]]",109,0,374,320
300,n04023962_32432,[131.34],n04023962,"[[278, 1, 450, 334]]",278,1,450,334
301,n04023962_3245,[182.37],n04023962,"[[64, 20, 215, 278]]",64,20,215,278
302,n04023962_3247,[57.73],n04023962,"[[105, 132, 180, 378]]",105,132,180,378
303,n04023962_3252,[106.55],n04023962,"[[33, 48, 199, 374]]",33,48,199,374
304,n04023962_3261,[222.35],n04023962,"[[2, 0, 90, 396]]",2,0,90,396
305,n04023962_32729,[86.97],n04023962,"[[91, 40, 223, 336]]",91,40,223,336
306,n04023962_3281,[93.43],n04023962,"[[237, 83, 341, 285]]",237,83,341,285
307,n04023962_3319,[98.68],n04023962,"[[0, 105, 185, 460]]",0,105,185,460
308,n04023962_3321,[23.8],n04023962,"[[120, 96, 175, 350]]",120,96,175,350
309,n04023962_3327,[82.18],n04023962,"[[167, 60, 220, 282]]",167,60,220,282
310,n04023962_3329,[84.24],n04023962,"[[17, 2, 329, 331]]",17,2,329,331
311,n04023962_33780,[74.58],n04023962,"[[359, 0, 499, 343]]",359,0,499,343
312,n04023962_3395,[117.37],n04023962,"[[146, 141, 223, 361]]",146,141,223,361
313,n04023962_34192,[136.93],n04023962,"[[58, 20, 117, 105]]",58,20,117,105
314,n04023962_34288,[50.39],n04023962,"[[1, 0, 186, 498]]",1,0,186,498
315,n04023962_3436,[65.92],n04023962,"[[66, 135, 172, 408], [213, 127, 261, 365]]",66,135,172,408
316,n04023962_3468,[128.87],n04023962,"[[274, 10, 363, 277]]",274,10,363,277
317,n04023962_35074,[90.46],n04023962,"[[21, 9, 108, 162]]",21,9,108,162
318,n04023962_3528,[221.16],n04023962,"[[21, 0, 161, 441]]",21,0,161,441
319,n04023962_36,[107.84],n04023962,"[[107, 171, 156, 326]]",107,171,156,326
320,n04023962_3609,[94.4],n04023962,"[[101, 150, 303, 418]]",101,150,303,418
321,n04023962_3646,[112.22],n04023962,"[[80, 1, 194, 301]]",80,1,194,301
322,n04023962_3696,[137.67],n04023962,"[[0, 88, 499, 294]]",0,88,499,294
323,n04023962_3705,[138.52],n04023962,"[[80, 0, 175, 377]]",80,0,175,377
324,n04023962_3809,[192.9],n04023962,"[[57, 13, 184, 473]]",57,13,184,473
325,n04023962_384,[99.16],n04023962,"[[0, 315, 373, 498]]",0,315,373,498
326,n04023962_3854,[109.95],n04023962,"[[92, 150, 207, 378]]",92,150,207,378
327,n04023962_39180,[155.34],n04023962,"[[83, 112, 135, 210]]",83,112,135,210
328,n04023962_3923,[57.47],n04023962,"[[96, 0, 189, 217]]",96,0,189,217
329,n04023962_39372,[89.72],n04023962,"[[96, 101, 196, 266]]",96,101,196,266
330,n04023962_3941,[82.69],n04023962,"[[263, 1, 400, 283]]",263,1,400,283
331,n04023962_39676,[60.12],n04023962,"[[211, 0, 369, 363]]",211,0,369,363
332,n04023962_4062,[111.43],n04023962,"[[15, 83, 63, 238]]",15,83,63,238
333,n04023962_40788,[133.21],n04023962,"[[170, 0, 288, 328]]",170,0,288,328
334,n04023962_40822,[112.63],n04023962,"[[230, 8, 472, 178]]",230,8,472,178
335,n04023962_4133,[215.59],n04023962,"[[20, 7, 169, 293]]",20,7,169,293
336,n04023962_4180,[142.24],n04023962,"[[18, 10, 183, 357]]",18,10,183,357
337,n04023962_4199,[227.83],n04023962,"[[203, 59, 423, 367]]",203,59,423,367
338,n04023962_4206,[105.54],n04023962,"[[233, 134, 282, 308]]",233,134,282,308
339,n04023962_4233,[104.62],n04023962,"[[68, 183, 173, 487]]",68,183,173,487
340,n04023962_42351,[135.91],n04023962,"[[71, 26, 267, 475]]",71,26,267,475
341,n04023962_42421,[47.54],n04023962,"[[166, 8, 343, 491]]",166,8,343,491
342,n04023962_4289,[74.38],n04023962,"[[238, 3, 394, 370]]",238,3,394,370
343,n04023962_4313,[104.12],n04023962,"[[0, 113, 185, 447]]",0,113,185,447
344,n04023962_43198,[76.09],n04023962,"[[399, 81, 497, 366]]",399,81,497,366
345,n04023962_4325,[123.36],n04023962,"[[141, 106, 327, 453]]",141,106,327,453
346,n04023962_43764,[79.63],n04023962,"[[223, 181, 343, 498]]",223,181,343,498
347,n04023962_4414,[133.7],n04023962,"[[78, 162, 146, 331]]",78,162,146,331
348,n04023962_44316,[107.71],n04023962,"[[215, 196, 270, 266]]",215,196,270,266
349,n04023962_4432,[211.18],n04023962,"[[36, 0, 127, 234]]",36,0,127,234
350,n04023962_4464,[60.92],n04023962,"[[63, 6, 291, 485]]",63,6,291,485
351,n04023962_4487,[109.94],n04023962,"[[1, 0, 133, 498]]",1,0,133,498
352,n04023962_4493,[146.75],n04023962,"[[420, 1, 499, 308]]",420,1,499,308
353,n04023962_4579,[86.4],n04023962,"[[117, 100, 334, 498]]",117,100,334,498
354,n04023962_4658,[74.19],n04023962,"[[101, 81, 275, 498]]",101,81,275,498
355,n04023962_466,[117.28],n04023962,"[[33, 106, 353, 488]]",33,106,353,488
356,n04023962_46802,[70.41],n04023962,"[[288, 0, 499, 356]]",288,0,499,356
357,n04023962_46827,[81.22],n04023962,"[[354, 0, 499, 352]]",354,0,499,352
358,n04023962_47,[72.86],n04023962,"[[0, 23, 118, 498]]",0,23,118,498
359,n04023962_47219,[108.04],n04023962,"[[91, 1, 462, 334]]",91,1,462,334
360,n04023962_47600,[77.35],n04023962,"[[0, 0, 148, 498]]",0,0,148,498
361,n04023962_4809,[143.43],n04023962,"[[146, 47, 230, 226]]",146,47,230,226
362,n04023962_4827,[110.45],n04023962,"[[17, 28, 74, 87]]",17,28,74,87
363,n04023962_4833,[137.14],n04023962,"[[98, 14, 386, 590]]",98,14,386,590
364,n04023962_4929,[84.32],n04023962,"[[0, 0, 117, 352]]",0,0,117,352
365,n04023962_50242,[57.74],n04023962,"[[1, 0, 157, 410]]",1,0,157,410
366,n04023962_50496,[74.59],n04023962,"[[22, 31, 105, 300]]",22,31,105,300
367,n04023962_5050,[111.02],n04023962,"[[54, 33, 185, 372]]",54,33,185,372
368,n04023962_50943,[57.45],n04023962,"[[1, 177, 351, 498]]",1,177,351,498
369,n04023962_51095,[97.62],n04023962,"[[346, 26, 484, 164]]",346,26,484,164
370,n04023962_5110,[102.06],n04023962,"[[249, 101, 322, 358]]",249,101,322,358
371,n04023962_5111,[107.57],n04023962,"[[78, 0, 456, 241]]",78,0,456,241
372,n04023962_51243,[25.83],n04023962,"[[19, 56, 176, 347]]",19,56,176,347
373,n04023962_51319,[60.98],n04023962,"[[244, 0, 457, 358]]",244,0,457,358
374,n04023962_5147,[57.32],n04023962,"[[276, 36, 490, 338]]",276,36,490,338
375,n04023962_5156,[101.35],n04023962,"[[276, 0, 499, 332]]",276,0,499,332
376,n04023962_51627,[89.58],n04023962,"[[144, 172, 198, 226], [66, 79, 125, 143], [213, 201, 273, 259]]",144,172,198,226
377,n04023962_51903,[75.4],n04023962,"[[178, 141, 230, 276]]",178,141,230,276
378,n04023962_52205,[95.94],n04023962,"[[186, 27, 289, 188]]",186,27,289,188
379,n04023962_52480,[132.47],n04023962,"[[261, 0, 386, 138]]",261,0,386,138
380,n04023962_5262,[60.09],n04023962,"[[285, 21, 368, 191]]",285,21,368,191
381,n04023962_53511,[81.4],n04023962,"[[331, 1, 499, 365]]",331,1,499,365
382,n04023962_543,[83.12],n04023962,"[[237, 1, 370, 334]]",237,1,370,334
383,n04023962_5457,[109.1],n04023962,"[[107, 90, 175, 326]]",107,90,175,326
384,n04023962_5491,[210.54],n04023962,"[[292, 18, 408, 341]]",292,18,408,341
385,n04023962_5512,[124.17],n04023962,"[[81, 3, 304, 495]]",81,3,304,495
386,n04023962_5523,[108.3],n04023962,"[[80, 136, 446, 259]]",80,136,446,259
387,n04023962_5540,[31.42],n04023962,"[[1, 41, 81, 308]]",1,41,81,308
388,n04023962_5610,[65.97],n04023962,"[[0, 73, 107, 200]]",0,73,107,200
389,n04023962_566,[91.16],n04023962,"[[172, 78, 271, 425]]",172,78,271,425
390,n04023962_5670,[118.08],n04023962,"[[176, 31, 323, 326]]",176,31,323,326
391,n04023962_5760,[67.95],n04023962,"[[272, 75, 383, 207]]",272,75,383,207
392,n04023962_5786,[152.85],n04023962,"[[137, 4, 201, 209], [41, 7, 104, 208]]",137,4,201,209
393,n04023962_5810,[94.52],n04023962,"[[321, 0, 432, 260]]",321,0,432,260
394,n04023962_5896,[112.52],n04023962,"[[88, 53, 177, 346]]",88,53,177,346
395,n04023962_593,[102.23],n04023962,"[[5, 0, 152, 340]]",5,0,152,340
396,n04023962_5933,[110.82],n04023962,"[[213, 70, 258, 142]]",213,70,258,142
397,n04023962_5981,[80.64],n04023962,"[[357, 5, 480, 374]]",357,5,480,374
398,n04023962_5986,[180.39],n04023962,"[[87, 7, 172, 136], [7, 36, 82, 136]]",87,7,172,136
399,n04023962_6019,[65.34],n04023962,"[[10, 11, 184, 279]]",10,11,184,279
400,n04023962_6050,[57.72],n04023962,"[[52, 0, 286, 498]]",52,0,286,498
401,n04023962_6059,[111.26],n04023962,"[[10, 2, 25, 49]]",10,2,25,49
402,n04023962_6069,[39.15],n04023962,"[[233, 77, 336, 217]]",233,77,336,217
403,n04023962_6111,[175.12],n04023962,"[[78, 456, 436, 1087]]",78,456,436,1087
404,n04023962_6150,[166.11],n04023962,"[[33, 49, 214, 232]]",33,49,214,232
405,n04023962_6152,[78.16],n04023962,"[[285, 0, 499, 374]]",285,0,499,374
406,n04023962_6154,[183.84],n04023962,"[[160, 31, 276, 249]]",160,31,276,249
407,n04023962_6185,[81.17],n04023962,"[[142, 141, 291, 460]]",142,141,291,460
408,n04023962_6201,[113.3],n04023962,"[[95, 16, 156, 319]]",95,16,156,319
409,n04023962_6226,[96.69],n04023962,"[[111, 6, 271, 311]]",111,6,271,311
410,n04023962_6239,[77.71],n04023962,"[[278, 31, 411, 372]]",278,31,411,372
411,n04023962_6241,[102.97],n04023962,"[[0, 110, 77, 197]]",0,110,77,197
412,n04023962_6257,[106.37],n04023962,"[[112, 5, 191, 232], [3, 10, 102, 235]]",112,5,191,232
413,n04023962_6261,[201.14],n04023962,"[[168, 48, 506, 1021]]",168,48,506,1021
414,n04023962_6267,[112.91],n04023962,"[[18, 93, 126, 497]]",18,93,126,497
415,n04023962_6284,[92.11],n04023962,"[[214, 82, 276, 400]]",214,82,276,400
416,n04023962_6288,[195.42],n04023962,"[[38, 0, 104, 227]]",38,0,104,227
417,n04023962_6289,[78.56],n04023962,"[[0, 211, 137, 366]]",0,211,137,366
418,n04023962_629,[118.5],n04023962,"[[141, 181, 252, 443]]",141,181,252,443
419,n04023962_6300,[94.76],n04023962,"[[15, 1, 59, 94]]",15,1,59,94
420,n04023962_6314,[149.7],n04023962,"[[82, 80, 516, 766]]",82,80,516,766
421,n04023962_6341,[110.22],n04023962,"[[147, 46, 373, 497]]",147,46,373,497
422,n04023962_6355,[80.47],n04023962,"[[112, 0, 256, 298]]",112,0,256,298
423,n04023962_6377,[68.54],n04023962,"[[41, 16, 285, 498]]",41,16,285,498
424,n04023962_6386,[104.88],n04023962,"[[164, 108, 281, 399]]",164,108,281,399
425,n04023962_6390,[149.46],n04023962,"[[122, 0, 230, 246]]",122,0,230,246
426,n04023962_6400,[72.78],n04023962,"[[0, 89, 638, 417]]",0,89,638,417
427,n04023962_6401,[209.13],n04023962,"[[2, 8, 130, 206], [173, 54, 270, 272], [103, 39, 206, 254]]",2,8,130,206
428,n04023962_6430,[152.12],n04023962,"[[0, 0, 216, 243]]",0,0,216,243
429,n04023962_6456,[150.39],n04023962,"[[15, 24, 94, 230]]",15,24,94,230
430,n04023962_6489,[117.74],n04023962,"[[101, 102, 379, 374]]",101,102,379,374
431,n04023962_6550,[144.9],n04023962,"[[333, 0, 430, 332]]",333,0,430,332
432,n04023962_6551,[129.11],n04023962,"[[197, 115, 333, 456]]",197,115,333,456
433,n04023962_6576,[214.95],n04023962,"[[107, 38, 186, 184]]",107,38,186,184
434,n04023962_6579,[177.16],n04023962,"[[7, 0, 54, 142]]",7,0,54,142
435,n04023962_6591,[90.67],n04023962,"[[137, 1, 169, 181]]",137,1,169,181
436,n04023962_6593,[60.17],n04023962,"[[302, 33, 406, 208]]",302,33,406,208
437,n04023962_6614,[44.73],n04023962,"[[91, 1, 269, 498]]",91,1,269,498
438,n04023962_6615,[126.95],n04023962,"[[182, 155, 317, 458]]",182,155,317,458
439,n04023962_6647,[194.96],n04023962,"[[0, 0, 62, 270], [307, 84, 363, 263], [89, 36, 147, 268], [169, 65, 217, 266], [242, 118, 284, 262]]",0,0,62,270
440,n04023962_6676,[90.54],n04023962,"[[35, 27, 71, 217], [218, 23, 252, 180]]",35,27,71,217
441,n04023962_6677,[106.77],n04023962,"[[113, 331, 260, 498]]",113,331,260,498
442,n04023962_6697,[44.75],n04023962,"[[111, 81, 245, 437]]",111,81,245,437
443,n04023962_6757,[126.15],n04023962,"[[263, 155, 327, 308]]",263,155,327,308
444,n04023962_6765,[191.22],n04023962,"[[62, 90, 118, 176]]",62,90,118,176
445,n04023962_6779,[89.88],n04023962,"[[110, 28, 202, 268]]",110,28,202,268
446,n04023962_6783,[123.79],n04023962,"[[36, 158, 130, 416]]",36,158,130,416
447,n04023962_6797,[112.0],n04023962,"[[160, 173, 282, 568], [500, 57, 645, 560]]",160,173,282,568
448,n04023962_6800,[181.12],n04023962,"[[1, 23, 112, 197]]",1,23,112,197
449,n04023962_6813,[106.26],n04023962,"[[88, 123, 275, 498]]",88,123,275,498
450,n04023962_6829,[170.03],n04023962,"[[146, 26, 233, 269]]",146,26,233,269
451,n04023962_6833,[172.79],n04023962,"[[93, 159, 190, 294]]",93,159,190,294
452,n04023962_6836,[74.05],n04023962,"[[275, 41, 385, 245]]",275,41,385,245
453,n04023962_6837,[86.69],n04023962,"[[316, 172, 417, 308]]",316,172,417,308
454,n04023962_6852,[93.68],n04023962,"[[129, 111, 330, 498]]",129,111,330,498
455,n04023962_6854,[113.33],n04023962,"[[81, 95, 177, 370]]",81,95,177,370
456,n04023962_6868,[112.3],n04023962,"[[70, 95, 200, 432]]",70,95,200,432
457,n04023962_6874,[107.68],n04023962,"[[29, 23, 354, 448]]",29,23,354,448
458,n04023962_6920,[130.38],n04023962,"[[305, 0, 384, 327]]",305,0,384,327
459,n04023962_6955,[70.41],n04023962,"[[58, 3, 209, 491]]",58,3,209,491
460,n04023962_7009,[117.41],n04023962,"[[12, 187, 192, 606], [145, 72, 380, 587]]",12,187,192,606
461,n04023962_701,[112.86],n04023962,"[[262, 0, 391, 356]]",262,0,391,356
462,n04023962_7017,[79.2],n04023962,"[[92, 12, 315, 311]]",92,12,315,311
463,n04023962_7040,[93.54],n04023962,"[[252, 0, 317, 224]]",252,0,317,224
464,n04023962_7041,[78.09],n04023962,"[[42, 25, 148, 208]]",42,25,148,208
465,n04023962_7049,[114.33],n04023962,"[[100, 108, 292, 352]]",100,108,292,352
466,n04023962_7096,[129.95],n04023962,"[[29, 5, 83, 159]]",29,5,83,159
467,n04023962_7104,[145.77],n04023962,"[[36, 0, 123, 120]]",36,0,123,120
468,n04023962_7138,[116.9],n04023962,"[[1, 0, 126, 371]]",1,0,126,371
469,n04023962_7159,[111.09],n04023962,"[[103, 15, 301, 356]]",103,15,301,356
470,n04023962_7251,[105.36],n04023962,"[[190, 33, 300, 307]]",190,33,300,307
471,n04023962_7261,[97.63],n04023962,"[[37, 1, 289, 504]]",37,1,289,504
472,n04023962_7284,[112.15],n04023962,"[[1, 113, 256, 374]]",1,113,256,374
473,n04023962_7323,[133.31],n04023962,"[[0, 1, 118, 502]]",0,1,118,502
474,n04023962_7344,[138.41],n04023962,"[[143, 0, 223, 162]]",143,0,223,162
475,n04023962_7353,[95.12],n04023962,"[[356, 0, 497, 381]]",356,0,497,381
476,n04023962_7357,[99.91],n04023962,"[[294, 123, 395, 420]]",294,123,395,420
477,n04023962_7376,[65.63],n04023962,"[[130, 0, 217, 307]]",130,0,217,307
478,n04023962_7381,[169.08],n04023962,"[[52, 6, 125, 199]]",52,6,125,199
479,n04023962_7383,[161.01],n04023962,"[[68, 166, 145, 316]]",68,166,145,316
480,n04023962_7403,[47.67],n04023962,"[[132, 1, 231, 446]]",132,1,231,446
481,n04023962_7408,[99.45],n04023962,"[[136, 37, 221, 129]]",136,37,221,129
482,n04023962_7410,[133.04],n04023962,"[[406, 68, 569, 506]]",406,68,569,506
483,n04023962_7499,[139.78],n04023962,"[[209, 1, 318, 289]]",209,1,318,289
484,n04023962_75,[62.26],n04023962,"[[14, 0, 499, 332]]",14,0,499,332
485,n04023962_7530,[116.55],n04023962,"[[0, 165, 54, 326]]",0,165,54,326
486,n04023962_7535,[49.98],n04023962,"[[84, 3, 136, 264]]",84,3,136,264
487,n04023962_7555,[120.31],n04023962,"[[18, 69, 126, 384]]",18,69,126,384
488,n04023962_7558,[122.23],n04023962,"[[359, 50, 446, 166]]",359,50,446,166
489,n04023962_7565,[113.38],n04023962,"[[3, 122, 107, 203]]",3,122,107,203
490,n04023962_7569,[94.16],n04023962,"[[137, 96, 341, 472]]",137,96,341,472
491,n04023962_7570,[184.43],n04023962,"[[31, 1, 119, 175]]",31,1,119,175
492,n04023962_7580,[110.46],n04023962,"[[399, 318, 557, 474], [430, 5, 469, 147], [29, 101, 178, 374]]",399,318,557,474
493,n04023962_7629,[78.69],n04023962,"[[131, 206, 237, 480]]",131,206,237,480
494,n04023962_7644,[120.19],n04023962,"[[131, 58, 225, 285]]",131,58,225,285
495,n04023962_7648,[88.19],n04023962,"[[66, 0, 177, 300]]",66,0,177,300
496,n04023962_7650,[99.42],n04023962,"[[82, 0, 204, 240]]",82,0,204,240
497,n04023962_7675,[114.61],n04023962,"[[234, 79, 264, 166]]",234,79,264,166
498,n04023962_7707,[86.66],n04023962,"[[55, 49, 190, 436]]",55,49,190,436
499,n04023962_7722,[118.92],n04023962,"[[118, 26, 245, 197]]",118,26,245,197
500,n04023962_7804,[131.93],n04023962,"[[137, 61, 220, 426]]",137,61,220,426
501,n04023962_7822,[116.73],n04023962,"[[6, 37, 224, 380]]",6,37,224,380
502,n04023962_7893,[181.06],n04023962,"[[18, 12, 193, 188]]",18,12,193,188
503,n04023962_7918,[71.42],n04023962,"[[98, 19, 223, 198]]",98,19,223,198
504,n04023962_7921,[68.62],n04023962,"[[2, 76, 252, 498]]",2,76,252,498
505,n04023962_7945,[87.6],n04023962,"[[162, 68, 226, 356]]",162,68,226,356
506,n04023962_7963,[98.6],n04023962,"[[186, 123, 250, 403]]",186,123,250,403
507,n04023962_7969,[63.76],n04023962,"[[252, 1, 374, 209]]",252,1,374,209
508,n04023962_7987,[134.26],n04023962,"[[241, 9, 581, 376], [666, 169, 730, 473], [671, 90, 865, 480]]",241,9,581,376
509,n04023962_80,[111.53],n04023962,"[[290, 3, 371, 291]]",290,3,371,291
510,n04023962_8015,[114.13],n04023962,"[[2, 0, 499, 374]]",2,0,499,374
511,n04023962_8048,[109.86],n04023962,"[[1, 0, 399, 319]]",1,0,399,319
512,n04023962_8100,[125.23],n04023962,"[[82, 21, 168, 250]]",82,21,168,250
513,n04023962_8102,[169.49],n04023962,"[[10, 0, 54, 83]]",10,0,54,83
514,n04023962_8128,[107.96],n04023962,"[[44, 93, 161, 374]]",44,93,161,374
515,n04023962_8134,[130.12],n04023962,"[[201, 15, 311, 411]]",201,15,311,411
516,n04023962_8166,[117.63],n04023962,"[[30, 8, 65, 63]]",30,8,65,63
517,n04023962_8206,[122.04],n04023962,"[[62, 131, 227, 370]]",62,131,227,370
518,n04023962_8283,[213.42],n04023962,"[[71, 97, 123, 182]]",71,97,123,182
519,n04023962_8284,[122.66],n04023962,"[[264, 27, 461, 290]]",264,27,461,290
520,n04023962_8290,[111.78],n04023962,"[[118, 28, 249, 471]]",118,28,249,471
521,n04023962_8307,[128.52],n04023962,"[[227, 0, 414, 374]]",227,0,414,374
522,n04023962_8327,[65.84],n04023962,"[[327, 2, 539, 348]]",327,2,539,348
523,n04023962_8329,[112.25],n04023962,"[[16, 42, 262, 374]]",16,42,262,374
524,n04023962_8330,[134.12],n04023962,"[[45, 137, 260, 466]]",45,137,260,466
525,n04023962_8370,[126.78],n04023962,"[[56, 3, 124, 149]]",56,3,124,149
526,n04023962_8371,[118.67],n04023962,"[[66, 12, 160, 307]]",66,12,160,307
527,n04023962_8378,[111.65],n04023962,"[[163, 43, 304, 374]]",163,43,304,374
528,n04023962_8401,[83.54],n04023962,"[[248, 0, 340, 374]]",248,0,340,374
529,n04023962_8413,[66.08],n04023962,"[[8, 0, 236, 270]]",8,0,236,270
530,n04023962_8476,[157.28],n04023962,"[[119, 0, 193, 199]]",119,0,193,199
531,n04023962_8486,[30.31],n04023962,"[[38, 83, 119, 285]]",38,83,119,285
532,n04023962_8514,[121.6],n04023962,"[[968, 609, 1219, 1257]]",968,609,1219,1257
533,n04023962_8564,[63.89],n04023962,"[[81, 78, 225, 290]]",81,78,225,290
534,n04023962_8566,[96.58],n04023962,"[[125, 101, 179, 212]]",125,101,179,212
535,n04023962_8591,[139.96],n04023962,"[[77, 33, 135, 276]]",77,33,135,276
536,n04023962_8621,[95.45],n04023962,"[[98, 41, 155, 167]]",98,41,155,167
537,n04023962_8653,[93.69],n04023962,"[[23, 232, 194, 374]]",23,232,194,374
538,n04023962_8659,[83.55],n04023962,"[[159, 40, 220, 166]]",159,40,220,166
539,n04023962_8661,[131.57],n04023962,"[[7, 0, 144, 318]]",7,0,144,318
540,n04023962_8698,[101.63],n04023962,"[[75, 78, 140, 241], [11, 26, 93, 239], [130, 35, 198, 237]]",75,78,140,241
541,n04023962_8712,[112.26],n04023962,"[[0, 0, 84, 154]]",0,0,84,154
542,n04023962_873,[70.51],n04023962,"[[118, 3, 285, 347]]",118,3,285,347
543,n04023962_8763,[108.54],n04023962,"[[107, 82, 214, 222]]",107,82,214,222
544,n04023962_8926,[67.92],n04023962,"[[38, 103, 82, 182], [307, 0, 499, 332]]",38,103,82,182
545,n04023962_8949,[56.54],n04023962,"[[35, 1, 96, 242]]",35,1,96,242
546,n04023962_8958,[97.68],n04023962,"[[94, 52, 231, 354]]",94,52,231,354
547,n04023962_9059,[101.84],n04023962,"[[87, 43, 106, 69]]",87,43,106,69
548,n04023962_9065,[119.78],n04023962,"[[398, 0, 592, 396]]",398,0,592,396
549,n04023962_9073,[167.57],n04023962,"[[117, 108, 238, 311]]",117,108,238,311
550,n04023962_9117,[75.29],n04023962,"[[188, 107, 499, 338]]",188,107,499,338
551,n04023962_9149,[87.57],n04023962,"[[70, 0, 178, 403]]",70,0,178,403
552,n04023962_9159,[121.29],n04023962,"[[336, 1, 499, 374]]",336,1,499,374
553,n04023962_917,[154.82],n04023962,"[[233, 135, 282, 310]]",233,135,282,310
554,n04023962_9205,[141.6],n04023962,"[[65, 0, 284, 325]]",65,0,284,325
555,n04023962_9229,[70.99],n04023962,"[[81, 0, 286, 448]]",81,0,286,448
556,n04023962_9274,[107.56],n04023962,"[[168, 0, 279, 209]]",168,0,279,209
557,n04023962_9294,[7.73],n04023962,"[[98, 70, 211, 329]]",98,70,211,329
558,n04023962_9297,[67.66],n04023962,"[[312, 122, 365, 311]]",312,122,365,311
559,n04023962_9328,[108.65],n04023962,"[[162, 161, 251, 263]]",162,161,251,263
560,n04023962_9371,[71.51],n04023962,"[[115, 21, 273, 471]]",115,21,273,471
561,n04023962_9398,[109.39],n04023962,"[[314, 38, 484, 612]]",314,38,484,612
562,n04023962_9431,[98.46],n04023962,"[[58, 4, 237, 242]]",58,4,237,242
563,n04023962_9478,[101.53],n04023962,"[[0, 0, 135, 446]]",0,0,135,446
564,n04023962_9515,[133.49],n04023962,"[[65, 135, 137, 270]]",65,135,137,270
565,n04023962_9543,[145.16],n04023962,"[[3, 1, 266, 254]]",3,1,266,254
566,n04023962_9573,[105.39],n04023962,"[[30, 152, 225, 497]]",30,152,225,497
567,n04023962_9625,[133.65],n04023962,"[[2, 131, 96, 222]]",2,131,96,222
568,n04023962_9628,[102.29],n04023962,"[[373, 139, 463, 295]]",373,139,463,295
569,n04023962_9655,[62.37],n04023962,"[[207, 102, 280, 236]]",207,102,280,236
570,n04023962_966,[69.43],n04023962,"[[102, 23, 241, 460]]",102,23,241,460
571,n04023962_9667,[146.95],n04023962,"[[88, 112, 251, 269]]",88,112,251,269
572,n04023962_9679,[98.04],n04023962,"[[63, 5, 259, 498]]",63,5,259,498
573,n04023962_9691,[135.93],n04023962,"[[63, 68, 218, 381]]",63,68,218,381
574,n04023962_970,[67.45],n04023962,"[[48, 0, 234, 335]]",48,0,234,335
575,n04023962_9774,[158.07],n04023962,"[[128, 16, 219, 265]]",128,16,219,265
576,n04023962_9811,[92.43],n04023962,"[[194, 0, 300, 447]]",194,0,300,447
577,n04023962_9838,[206.64],n04023962,"[[0, 103, 136, 270]]",0,103,136,270
578,n04023962_9854,[215.46],n04023962,"[[58, 7, 116, 237]]",58,7,116,237
579,n04023962_9857,[176.55],n04023962,"[[0, 0, 200, 200]]",0,0,200,200
580,n04023962_9891,[144.84],n04023962,"[[35, 8, 87, 114]]",35,8,87,114
581,n04023962_9912,[112.4],n04023962,"[[65, 0, 120, 350], [281, 62, 319, 231]]",65,0,120,350
582,n04023962_9955,[116.31],n04023962,"[[9, 40, 114, 369]]",9,40,114,369
583,n12144580_10063,[124.28],n12144580,"[[0, 122, 373, 498]]",0,122,373,498
584,n12144580_10170,[141.85],n12144580,"[[190, 193, 242, 218]]",190,193,242,218
585,n12144580_10273,[98.99],n12144580,"[[2, 35, 498, 283]]",2,35,498,283
586,n12144580_1030,[147.95],n12144580,"[[105, 1, 499, 374]]",105,1,499,374
587,n12144580_10633,[150.97],n12144580,"[[37, 0, 499, 287]]",37,0,499,287
588,n12144580_10717,[77.27],n12144580,"[[116, 29, 329, 282]]",116,29,329,282
589,n12144580_10853,[58.87],n12144580,"[[156, 167, 212, 274], [247, 168, 318, 276], [206, 170, 259, 225]]",156,167,212,274
590,n12144580_10998,[77.4],n12144580,"[[331, 65, 443, 491]]",331,65,443,491
591,n12144580_1107,[155.1],n12144580,"[[3, 0, 274, 143]]",3,0,274,143
592,n12144580_11076,[137.12],n12144580,"[[0, 0, 99, 48], [0, 23, 99, 98]]",0,0,99,48
593,n12144580_11111,[124.92],n12144580,"[[2, 1, 499, 373]]",2,1,499,373
594,n12144580_1119,[104.59],n12144580,"[[239, 97, 286, 188]]",239,97,286,188
595,n12144580_11204,[145.76],n12144580,"[[148, 131, 332, 331]]",148,131,332,331
596,n12144580_11216,[226.22],n12144580,"[[23, 24, 99, 95]]",23,24,99,95
597,n12144580_11360,[100.16],n12144580,"[[1, 118, 499, 374], [0, 38, 390, 162]]",1,118,499,374
598,n12144580_11371,[84.03],n12144580,"[[226, 95, 363, 171]]",226,95,363,171
599,n12144580_11389,[113.06],n12144580,"[[188, 210, 482, 326]]",188,210,482,326
600,n12144580_11449,[103.94],n12144580,"[[0, 66, 479, 281]]",0,66,479,281
601,n12144580_11512,[122.09],n12144580,"[[0, 34, 499, 374]]",0,34,499,374
602,n12144580_11515,[74.57],n12144580,"[[51, 0, 277, 443]]",51,0,277,443
603,n12144580_11662,[30.65],n12144580,"[[237, 36, 486, 118], [11, 32, 230, 116]]",237,36,486,118
604,n12144580_11696,[50.91],n12144580,"[[0, 92, 351, 246]]",0,92,351,246
605,n12144580_11764,[113.35],n12144580,"[[118, 111, 306, 443]]",118,111,306,443
606,n12144580_11769,[113.62],n12144580,"[[2, 0, 196, 498], [186, 3, 428, 498]]",2,0,196,498
607,n12144580_11785,[116.47],n12144580,"[[307, 142, 375, 267]]",307,142,375,267
608,n12144580_11869,[67.18],n12144580,"[[148, 184, 325, 290]]",148,184,325,290
609,n12144580_11956,[104.58],n12144580,"[[42, 90, 462, 242], [2, 181, 485, 339]]",42,90,462,242
610,n12144580_1196,[87.02],n12144580,"[[210, 76, 369, 389]]",210,76,369,389
611,n12144580_12001,[95.98],n12144580,"[[100, 248, 418, 339]]",100,248,418,339
612,n12144580_12048,[159.04],n12144580,"[[12, 52, 108, 134]]",12,52,108,134
613,n12144580_1205,[104.21],n12144580,"[[435, 89, 485, 142], [440, 69, 486, 95]]",435,89,485,142
614,n12144580_1218,[86.51],n12144580,"[[47, 43, 381, 210]]",47,43,381,210
615,n12144580_12186,[73.96],n12144580,"[[1, 184, 499, 344]]",1,184,499,344
616,n12144580_12189,[131.6],n12144580,"[[53, 27, 221, 337]]",53,27,221,337
617,n12144580_12317,[72.38],n12144580,"[[0, 1, 174, 187], [148, 0, 363, 101]]",0,1,174,187
618,n12144580_12394,[136.03],n12144580,"[[259, 139, 326, 201]]",259,139,326,201
619,n12144580_12409,[101.24],n12144580,"[[66, 0, 180, 266], [196, 325, 267, 365], [294, 106, 331, 162], [227, 282, 246, 303]]",66,0,180,266
620,n12144580_12415,[105.3],n12144580,"[[25, 0, 211, 402]]",25,0,211,402
621,n12144580_12487,[112.86],n12144580,"[[47, 257, 105, 314]]",47,257,105,314
622,n12144580_12755,[136.1],n12144580,"[[45, 22, 407, 109], [27, 129, 411, 226]]",45,22,407,109
623,n12144580_12913,[114.89],n12144580,"[[55, 129, 203, 193]]",55,129,203,193
624,n12144580_1293,[51.78],n12144580,"[[256, 141, 438, 279]]",256,141,438,279
625,n12144580_12943,[115.28],n12144580,"[[157, 234, 436, 332]]",157,234,436,332
626,n12144580_12948,[77.26],n12144580,"[[0, 53, 499, 332]]",0,53,499,332
627,n12144580_13023,[109.83],n12144580,"[[81, 101, 259, 256]]",81,101,259,256
628,n12144580_13111,[94.42],n12144580,"[[0, 0, 310, 498]]",0,0,310,498
629,n12144580_13164,[39.79],n12144580,"[[194, 170, 360, 266], [64, 159, 189, 263], [440, 237, 492, 306]]",194,170,360,266
630,n12144580_13237,[138.24],n12144580,"[[65, 20, 404, 332]]",65,20,404,332
631,n12144580_13268,[88.44],n12144580,"[[115, 204, 176, 300]]",115,204,176,300
632,n12144580_13373,[138.77],n12144580,"[[41, 48, 448, 335]]",41,48,448,335
633,n12144580_1350,[65.51],n12144580,"[[85, 310, 225, 487]]",85,310,225,487
634,n12144580_13516,[84.46],n12144580,"[[1, 1, 497, 374]]",1,1,497,374
635,n12144580_1373,[127.68],n12144580,"[[207, 212, 297, 267]]",207,212,297,267
636,n12144580_13809,[128.34],n12144580,"[[206, 207, 312, 278]]",206,207,312,278
637,n12144580_13851,[53.64],n12144580,"[[55, 131, 310, 323], [17, 167, 221, 452], [131, 115, 213, 155]]",55,131,310,323
638,n12144580_14007,[77.44],n12144580,"[[97, 10, 265, 426]]",97,10,265,426
639,n12144580_14033,[85.94],n12144580,"[[0, 66, 310, 167], [55, 0, 100, 46]]",0,66,310,167
640,n12144580_1404,[121.14],n12144580,"[[3, 95, 499, 266], [0, 44, 484, 134], [0, 0, 275, 47], [0, 232, 499, 374]]",3,95,499,266
641,n12144580_1410,[169.47],n12144580,"[[23, 23, 216, 250]]",23,23,216,250
642,n12144580_14100,[81.01],n12144580,"[[1, 60, 417, 271]]",1,60,417,271
643,n12144580_14110,[204.0],n12144580,"[[46, 6, 285, 238]]",46,6,285,238
644,n12144580_14114,[106.1],n12144580,"[[0, 0, 499, 254]]",0,0,499,254
645,n12144580_14203,[136.3],n12144580,"[[269, 169, 488, 321], [332, 253, 352, 280], [365, 288, 390, 308]]",269,169,488,321
646,n12144580_14252,[122.46],n12144580,"[[229, 163, 397, 408], [12, 94, 154, 418]]",229,163,397,408
647,n12144580_14255,[122.22],n12144580,"[[14, 14, 87, 120]]",14,14,87,120
648,n12144580_14263,[72.91],n12144580,"[[225, 83, 390, 166], [213, 28, 467, 128], [216, 53, 415, 148]]",225,83,390,166
649,n12144580_14317,[72.19],n12144580,"[[188, 104, 378, 311], [213, 2, 321, 216]]",188,104,378,311
650,n12144580_1444,[73.91],n12144580,"[[8, 145, 320, 221]]",8,145,320,221
651,n12144580_14458,[114.46],n12144580,"[[182, 113, 289, 168]]",182,113,289,168
652,n12144580_14531,[117.86],n12144580,"[[51, 159, 429, 254]]",51,159,429,254
653,n12144580_14610,[108.2],n12144580,"[[0, 138, 331, 496], [61, 92, 330, 251]]",0,138,331,496
654,n12144580_1470,[130.55],n12144580,"[[138, 0, 497, 121]]",138,0,497,121
655,n12144580_1473,[107.14],n12144580,"[[305, 130, 470, 374]]",305,130,470,374
656,n12144580_1480,[66.91],n12144580,"[[200, 303, 325, 401]]",200,303,325,401
657,n12144580_15066,[92.2],n12144580,"[[100, 266, 308, 315]]",100,266,308,315
658,n12144580_15081,[100.42],n12144580,"[[0, 120, 499, 287]]",0,120,499,287
659,n12144580_1514,[90.22],n12144580,"[[77, 0, 499, 116]]",77,0,499,116
660,n12144580_15140,[72.61],n12144580,"[[90, 218, 155, 465]]",90,218,155,465
661,n12144580_15151,[130.51],n12144580,"[[176, 7, 373, 467], [0, 93, 205, 498]]",176,7,373,467
662,n12144580_1523,[105.83],n12144580,"[[169, 1, 365, 458], [4, 6, 155, 456], [377, 1, 495, 461]]",169,1,365,458
663,n12144580_15425,[69.37],n12144580,"[[267, 238, 477, 326], [236, 293, 413, 498]]",267,238,477,326
664,n12144580_15725,[151.05],n12144580,"[[25, 65, 333, 142]]",25,65,333,142
665,n12144580_15743,[118.29],n12144580,"[[0, 0, 499, 301]]",0,0,499,301
666,n12144580_1578,[104.23],n12144580,"[[156, 226, 346, 321], [62, 200, 236, 352], [252, 24, 405, 137], [102, 26, 253, 115]]",156,226,346,321
667,n12144580_15802,[87.74],n12144580,"[[0, 1, 499, 332]]",0,1,499,332
668,n12144580_15901,[122.49],n12144580,"[[87, 102, 499, 331], [1, 64, 380, 256]]",87,102,499,331
669,n12144580_15909,[129.11],n12144580,"[[157, 127, 338, 224]]",157,127,338,224
670,n12144580_15976,[108.65],n12144580,"[[0, 0, 499, 374]]",0,0,499,374
671,n12144580_15987,[72.89],n12144580,"[[65, 133, 491, 303], [50, 72, 383, 184], [65, 124, 377, 220]]",65,133,491,303
672,n12144580_1599,[164.25],n12144580,"[[227, 54, 360, 264]]",227,54,360,264
673,n12144580_16104,[109.29],n12144580,"[[138, 1, 468, 313]]",138,1,468,313
674,n12144580_16119,[118.52],n12144580,"[[2, 0, 381, 372], [348, 78, 499, 369], [0, 13, 196, 336]]",2,0,381,372
675,n12144580_1613,[116.11],n12144580,"[[162, 98, 318, 271]]",162,98,318,271
676,n12144580_16136,[72.95],n12144580,"[[20, 5, 493, 374]]",20,5,493,374
677,n12144580_1622,[121.52],n12144580,"[[0, 3, 499, 374]]",0,3,499,374
678,n12144580_16229,[86.12],n12144580,"[[4, 6, 459, 279]]",4,6,459,279
679,n12144580_16437,[69.1],n12144580,"[[140, 200, 215, 287]]",140,200,215,287
680,n12144580_16440,[41.29],n12144580,"[[0, 139, 420, 276]]",0,139,420,276
681,n12144580_16448,[100.5],n12144580,"[[205, 27, 261, 156]]",205,27,261,156
682,n12144580_16462,[107.46],n12144580,"[[158, 196, 288, 356]]",158,196,288,356
683,n12144580_16482,[126.46],n12144580,"[[299, 41, 498, 331]]",299,41,498,331
684,n12144580_16514,[96.95],n12144580,"[[0, 0, 504, 176]]",0,0,504,176
685,n12144580_16634,[60.75],n12144580,"[[0, 38, 499, 314]]",0,38,499,314
686,n12144580_16641,[95.53],n12144580,"[[76, 104, 217, 158]]",76,104,217,158
687,n12144580_16648,[88.49],n12144580,"[[0, 0, 335, 374], [422, 227, 483, 296], [125, 213, 218, 308], [30, 263, 145, 370], [66, 0, 499, 369]]",0,0,335,374
688,n12144580_16840,[146.46],n12144580,"[[0, 2, 499, 363]]",0,2,499,363
689,n12144580_16897,[98.51],n12144580,"[[35, 0, 224, 395]]",35,0,224,395
690,n12144580_16926,[121.88],n12144580,"[[12, 16, 98, 291]]",12,16,98,291
691,n12144580_16960,[68.36],n12144580,"[[55, 122, 325, 373]]",55,122,325,373
692,n12144580_1699,[94.4],n12144580,"[[79, 185, 331, 332]]",79,185,331,332
693,n12144580_17008,[119.97],n12144580,"[[230, 82, 288, 117], [245, 128, 303, 166], [238, 112, 296, 143], [217, 123, 238, 146]]",230,82,288,117
694,n12144580_17024,[89.16],n12144580,"[[0, 69, 370, 282]]",0,69,370,282
695,n12144580_1715,[56.94],n12144580,"[[141, 90, 318, 201]]",141,90,318,201
696,n12144580_17153,[124.67],n12144580,"[[141, 0, 499, 333]]",141,0,499,333
697,n12144580_1728,[97.62],n12144580,"[[76, 52, 499, 332]]",76,52,499,332
698,n12144580_17329,[129.16],n12144580,"[[19, 8, 499, 374]]",19,8,499,374
699,n12144580_1759,[220.04],n12144580,"[[13, 5, 377, 327]]",13,5,377,327
700,n12144580_17610,[108.55],n12144580,"[[0, 1, 499, 318]]",0,1,499,318
701,n12144580_17708,[53.67],n12144580,"[[71, 164, 404, 269], [43, 124, 371, 220], [16, 77, 354, 158]]",71,164,404,269
702,n12144580_17732,[85.44],n12144580,"[[341, 129, 429, 179], [261, 12, 301, 86]]",341,129,429,179
703,n12144580_17793,[90.72],n12144580,"[[132, 98, 472, 367], [49, 19, 358, 237]]",132,98,472,367
704,n12144580_17848,[177.73],n12144580,"[[1, 1, 498, 492]]",1,1,498,492
705,n12144580_17946,[79.23],n12144580,"[[185, 78, 355, 277]]",185,78,355,277
706,n12144580_18055,[104.11],n12144580,"[[220, 35, 303, 227], [347, 245, 498, 344], [393, 237, 499, 295]]",220,35,303,227
707,n12144580_18124,[59.4],n12144580,"[[217, 108, 423, 307]]",217,108,423,307
708,n12144580_18266,[78.09],n12144580,"[[6, 15, 355, 498]]",6,15,355,498
709,n12144580_18305,[111.19],n12144580,"[[55, 0, 470, 374]]",55,0,470,374
710,n12144580_18315,[106.5],n12144580,"[[212, 0, 465, 374], [0, 0, 215, 374], [466, 0, 499, 374]]",212,0,465,374
711,n12144580_18369,[141.38],n12144580,"[[1, 2, 72, 69]]",1,2,72,69
720,n12144580_1841,[90.66],n12144580,"[[62, 199, 320, 278]]",62,199,320,278
721,n12144580_18430,[127.66],n12144580,"[[3, 1, 119, 117]]",3,1,119,117
722,n12144580_1850,[133.46],n12144580,"[[30, 201, 258, 315]]",30,201,258,315
723,n12144580_18516,[124.11],n12144580,"[[315, 46, 392, 332]]",315,46,392,332
724,n12144580_18531,[104.82],n12144580,"[[268, 135, 289, 181]]",268,135,289,181
725,n12144580_18558,[119.99],n12144580,"[[126, 150, 221, 203]]",126,150,221,203
726,n12144580_1856,[131.55],n12144580,"[[179, 84, 230, 125], [170, 13, 194, 37]]",179,84,230,125
727,n12144580_1874,[124.01],n12144580,"[[0, 59, 399, 259]]",0,59,399,259
728,n12144580_18749,[62.89],n12144580,"[[206, 97, 249, 263]]",206,97,249,263
729,n12144580_19128,[73.87],n12144580,"[[2, 169, 414, 290], [138, 83, 446, 176]]",2,169,414,290
730,n12144580_19321,[98.78],n12144580,"[[159, 120, 240, 243], [218, 119, 299, 248]]",159,120,240,243
731,n12144580_19683,[131.75],n12144580,"[[182, 169, 304, 288]]",182,169,304,288
732,n12144580_19761,[166.82],n12144580,"[[24, 65, 382, 293]]",24,65,382,293
733,n12144580_1978,[90.13],n12144580,"[[231, 202, 266, 234]]",231,202,266,234
734,n12144580_19832,[142.26],n12144580,"[[1, 1, 498, 498]]",1,1,498,498
735,n12144580_20014,[107.16],n12144580,"[[217, 0, 498, 496]]",217,0,498,496
736,n12144580_20016,[69.15],n12144580,"[[20, 171, 499, 325]]",20,171,499,325
737,n12144580_20113,[96.54],n12144580,"[[0, 128, 252, 336]]",0,128,252,336
738,n12144580_20184,[131.69],n12144580,"[[0, 0, 498, 385]]",0,0,498,385
739,n12144580_20226,[145.5],n12144580,"[[0, 104, 236, 203]]",0,104,236,203
740,n12144580_2029,[140.68],n12144580,"[[160, 189, 229, 408]]",160,189,229,408
741,n12144580_20376,[119.74],n12144580,"[[274, 108, 330, 202]]",274,108,330,202
742,n12144580_20382,[152.77],n12144580,"[[93, 41, 229, 308]]",93,41,229,308
743,n12144580_2056,[80.89],n12144580,"[[0, 102, 445, 341]]",0,102,445,341
744,n12144580_2068,[97.12],n12144580,"[[7, 55, 435, 498]]",7,55,435,498
745,n12144580_207,[99.93],n12144580,"[[77, 111, 191, 175]]",77,111,191,175
746,n12144580_2097,[188.27],n12144580,"[[20, 6, 298, 164]]",20,6,298,164
747,n12144580_2136,[109.96],n12144580,"[[0, 0, 499, 332]]",0,0,499,332
748,n12144580_21459,[115.92],n12144580,"[[0, 0, 499, 334]]",0,0,499,334
749,n12144580_2172,[110.06],n12144580,"[[208, 95, 322, 167]]",208,95,322,167
750,n12144580_21751,[162.08],n12144580,"[[85, 75, 427, 417]]",85,75,427,417
751,n12144580_21879,[135.59],n12144580,"[[1, 0, 190, 131], [125, 0, 499, 310]]",1,0,190,131
752,n12144580_22749,[92.0],n12144580,"[[115, 169, 351, 284]]",115,169,351,284
753,n12144580_22834,[69.23],n12144580,"[[55, 22, 420, 323]]",55,22,420,323
754,n12144580_2285,[117.69],n12144580,"[[182, 236, 347, 290]]",182,236,347,290
755,n12144580_22985,[179.25],n12144580,"[[16, 82, 302, 462]]",16,82,302,462
756,n12144580_2344,[107.29],n12144580,"[[29, 278, 387, 373]]",29,278,387,373
757,n12144580_2394,[113.31],n12144580,"[[42, 0, 201, 69], [183, 59, 235, 173], [260, 108, 350, 212], [240, 251, 366, 294], [410, 115, 445, 228]]",42,0,201,69
758,n12144580_245,[142.15],n12144580,"[[129, 179, 301, 233]]",129,179,301,233
759,n12144580_2499,[124.16],n12144580,"[[237, 0, 499, 374]]",237,0,499,374
760,n12144580_2514,[96.09],n12144580,"[[113, 182, 309, 239]]",113,182,309,239
761,n12144580_2546,[23.51],n12144580,"[[13, 95, 249, 247]]",13,95,249,247
762,n12144580_2552,[126.5],n12144580,"[[1, 0, 498, 373]]",1,0,498,373
763,n12144580_25593,[121.33],n12144580,"[[82, 191, 295, 270]]",82,191,295,270
764,n12144580_2575,[86.42],n12144580,"[[428, 126, 499, 311], [39, 138, 123, 325]]",428,126,499,311
765,n12144580_2590,[126.47],n12144580,"[[159, 48, 499, 259]]",159,48,499,259
766,n12144580_26167,[91.5],n12144580,"[[50, 54, 417, 374]]",50,54,417,374
767,n12144580_2638,[65.24],n12144580,"[[153, 72, 202, 119]]",153,72,202,119
768,n12144580_26588,[94.85],n12144580,"[[145, 212, 202, 323]]",145,212,202,323
769,n12144580_2710,[105.57],n12144580,"[[145, 147, 226, 366]]",145,147,226,366
770,n12144580_27138,[116.07],n12144580,"[[1, 0, 499, 373]]",1,0,499,373
771,n12144580_27161,[168.51],n12144580,"[[353, 105, 476, 201]]",353,105,476,201
772,n12144580_2750,[111.47],n12144580,"[[186, 46, 336, 107]]",186,46,336,107
773,n12144580_27512,[108.05],n12144580,"[[7, 86, 480, 326]]",7,86,480,326
774,n12144580_27670,[104.52],n12144580,"[[156, 99, 368, 303]]",156,99,368,303
775,n12144580_2775,[67.62],n12144580,"[[244, 139, 354, 351], [201, 129, 314, 321]]",244,139,354,351
776,n12144580_2831,[125.1],n12144580,"[[14, 50, 451, 332]]",14,50,451,332
777,n12144580_2845,[76.39],n12144580,"[[173, 37, 337, 391]]",173,37,337,391
778,n12144580_2847,[87.57],n12144580,"[[12, 1, 332, 498]]",12,1,332,498
779,n12144580_285,[101.98],n12144580,"[[172, 40, 495, 227]]",172,40,495,227
780,n12144580_2880,[124.39],n12144580,"[[10, 115, 180, 408]]",10,115,180,408
781,n12144580_2891,[151.34],n12144580,"[[96, 247, 464, 369]]",96,247,464,369
782,n12144580_29007,[107.68],n12144580,"[[14, 0, 245, 187]]",14,0,245,187
783,n12144580_29148,[114.83],n12144580,"[[61, 0, 497, 333]]",61,0,497,333
784,n12144580_29286,[101.46],n12144580,"[[0, 0, 298, 223]]",0,0,298,223
785,n12144580_2930,[115.64],n12144580,"[[126, 383, 281, 447]]",126,383,281,447
786,n12144580_29305,[95.18],n12144580,"[[206, 1, 337, 277]]",206,1,337,277
787,n12144580_2951,[58.5],n12144580,"[[25, 133, 484, 222]]",25,133,484,222
788,n12144580_2967,[111.91],n12144580,"[[82, 398, 176, 428]]",82,398,176,428
789,n12144580_2971,[106.19],n12144580,"[[0, 0, 417, 498]]",0,0,417,498
790,n12144580_29753,[191.22],n12144580,"[[154, 42, 164, 56], [117, 39, 329, 223]]",154,42,164,56
791,n12144580_2976,[88.69],n12144580,"[[0, 85, 483, 284]]",0,85,483,284
792,n12144580_2979,[81.48],n12144580,"[[311, 105, 326, 119], [290, 214, 309, 228], [75, 71, 249, 290], [239, 70, 344, 320]]",311,105,326,119
793,n12144580_29838,[113.39],n12144580,"[[147, 166, 252, 377]]",147,166,252,377
794,n12144580_29844,[90.96],n12144580,"[[0, 1, 373, 498]]",0,1,373,498
795,n12144580_300,[81.17],n12144580,"[[92, 8, 200, 222], [0, 31, 115, 222], [175, 0, 286, 221]]",92,8,200,222
796,n12144580_3008,[173.6],n12144580,"[[0, 89, 231, 228]]",0,89,231,228
797,n12144580_3010,[111.29],n12144580,"[[6, 0, 266, 262], [267, 8, 503, 251]]",6,0,266,262
798,n12144580_3023,[77.95],n12144580,"[[125, 127, 498, 225]]",125,127,498,225
799,n12144580_306,[104.6],n12144580,"[[213, 142, 280, 205]]",213,142,280,205
800,n12144580_30601,[126.14],n12144580,"[[201, 20, 395, 98]]",201,20,395,98
801,n12144580_30606,[71.69],n12144580,"[[63, 43, 499, 323]]",63,43,499,323
802,n12144580_30698,[72.33],n12144580,"[[180, 1, 439, 284]]",180,1,439,284
803,n12144580_30849,[124.45],n12144580,"[[118, 129, 186, 227], [0, 67, 97, 126]]",118,129,186,227
804,n12144580_30869,[138.63],n12144580,"[[2, 1, 448, 374]]",2,1,448,374
805,n12144580_3095,[140.01],n12144580,"[[216, 24, 344, 307]]",216,24,344,307
806,n12144580_31358,[148.19],n12144580,"[[0, 17, 313, 268]]",0,17,313,268
807,n12144580_3141,[85.97],n12144580,"[[0, 47, 493, 335]]",0,47,493,335
808,n12144580_3149,[127.98],n12144580,"[[1, 0, 258, 498]]",1,0,258,498
809,n12144580_3189,[99.41],n12144580,"[[253, 72, 309, 239]]",253,72,309,239
810,n12144580_32031,[126.09],n12144580,"[[1, 0, 299, 199]]",1,0,299,199
811,n12144580_3247,[71.22],n12144580,"[[38, 273, 181, 317]]",38,273,181,317
812,n12144580_3252,[152.02],n12144580,"[[0, 0, 499, 350]]",0,0,499,350
813,n12144580_32819,[98.1],n12144580,"[[0, 29, 499, 277]]",0,29,499,277
814,n12144580_3328,[152.67],n12144580,"[[0, 50, 498, 309]]",0,50,498,309
815,n12144580_3335,[65.62],n12144580,"[[0, 235, 181, 339], [1, 296, 163, 381]]",0,235,181,339
816,n12144580_33372,[75.87],n12144580,"[[0, 2, 373, 498]]",0,2,373,498
817,n12144580_3357,[142.36],n12144580,"[[80, 270, 305, 345]]",80,270,305,345
818,n12144580_33584,[137.33],n12144580,"[[61, 27, 460, 294]]",61,27,460,294
819,n12144580_3386,[109.33],n12144580,"[[0, 25, 395, 343]]",0,25,395,343
820,n12144580_3389,[100.68],n12144580,"[[248, 215, 304, 297]]",248,215,304,297
821,n12144580_33991,[124.76],n12144580,"[[264, 53, 332, 240]]",264,53,332,240
822,n12144580_34181,[102.24],n12144580,"[[77, 161, 379, 305]]",77,161,379,305
823,n12144580_3420,[101.58],n12144580,"[[152, 157, 495, 244]]",152,157,495,244
824,n12144580_34769,[99.29],n12144580,"[[108, 1, 177, 176]]",108,1,177,176
825,n12144580_348,[81.98],n12144580,"[[226, 203, 318, 299]]",226,203,318,299
826,n12144580_3481,[157.9],n12144580,"[[163, 198, 252, 278]]",163,198,252,278
827,n12144580_35335,[109.76],n12144580,"[[0, 4, 499, 331]]",0,4,499,331
828,n12144580_35425,[116.03],n12144580,"[[108, 73, 328, 329]]",108,73,328,329
829,n12144580_3581,[129.3],n12144580,"[[1, 0, 222, 352], [220, 1, 404, 373]]",1,0,222,352
830,n12144580_3586,[133.76],n12144580,"[[244, 96, 322, 378]]",244,96,322,378
831,n12144580_3604,[145.34],n12144580,"[[127, 185, 416, 351], [88, 72, 374, 164], [101, 127, 392, 274]]",127,185,416,351
832,n12144580_3628,[127.23],n12144580,"[[10, 76, 372, 450], [0, 321, 176, 498], [0, 0, 252, 131]]",10,76,372,450
833,n12144580_3648,[111.88],n12144580,"[[0, 0, 372, 498]]",0,0,372,498
834,n12144580_3664,[155.77],n12144580,"[[0, 136, 431, 297], [68, 35, 499, 184]]",0,136,431,297
835,n12144580_3672,[213.25],n12144580,"[[15, 10, 245, 252]]",15,10,245,252
836,n12144580_37107,[85.53],n12144580,"[[1, 1, 299, 274]]",1,1,299,274
837,n12144580_3725,[146.49],n12144580,"[[107, 142, 145, 273]]",107,142,145,273
838,n12144580_3727,[113.48],n12144580,"[[71, 0, 300, 170], [176, 290, 326, 428]]",71,0,300,170
839,n12144580_37488,[134.95],n12144580,"[[0, 40, 499, 297]]",0,40,499,297
840,n12144580_375,[124.69],n12144580,"[[76, 201, 173, 278]]",76,201,173,278
841,n12144580_3753,[208.42],n12144580,"[[13, 29, 89, 76]]",13,29,89,76
842,n12144580_37588,[99.71],n12144580,"[[46, 0, 499, 225]]",46,0,499,225
843,n12144580_37617,[173.65],n12144580,"[[166, 261, 204, 287], [364, 234, 385, 256]]",166,261,204,287
844,n12144580_3773,[125.04],n12144580,"[[92, 72, 169, 154], [0, 70, 88, 152], [177, 76, 262, 158]]",92,72,169,154
845,n12144580_3801,[172.83],n12144580,"[[23, 54, 443, 311]]",23,54,443,311
846,n12144580_38051,[118.05],n12144580,"[[9, 0, 287, 229]]",9,0,287,229
847,n12144580_3831,[219.95],n12144580,"[[152, 125, 352, 233]]",152,125,352,233
848,n12144580_38310,[120.85],n12144580,"[[41, 0, 144, 332], [283, 1, 439, 331], [181, 1, 280, 332], [390, 35, 499, 332]]",41,0,144,332
849,n12144580_3839,[87.3],n12144580,"[[176, 20, 499, 181]]",176,20,499,181
850,n12144580_38441,[120.41],n12144580,"[[0, 100, 349, 171]]",0,100,349,171
851,n12144580_39003,[166.63],n12144580,"[[76, 73, 317, 266]]",76,73,317,266
852,n12144580_3915,[118.01],n12144580,"[[0, 0, 399, 399]]",0,0,399,399
853,n12144580_39293,[83.83],n12144580,"[[3, 6, 499, 332]]",3,6,499,332
854,n12144580_3947,[68.05],n12144580,"[[151, 71, 223, 223]]",151,71,223,223
855,n12144580_3952,[45.4],n12144580,"[[5, 107, 270, 425], [215, 110, 299, 418]]",5,107,270,425
856,n12144580_3953,[98.4],n12144580,"[[26, 15, 257, 245]]",26,15,257,245
857,n12144580_39695,[100.42],n12144580,"[[113, 136, 242, 181]]",113,136,242,181
858,n12144580_39862,[184.36],n12144580,"[[174, 0, 362, 221]]",174,0,362,221
859,n12144580_39870,[111.95],n12144580,"[[6, 3, 296, 224]]",6,3,296,224
860,n12144580_3988,[149.78],n12144580,"[[0, 0, 483, 372]]",0,0,483,372
861,n12144580_39891,[133.37],n12144580,"[[35, 166, 254, 326]]",35,166,254,326
862,n12144580_39967,[123.8],n12144580,"[[4, 74, 499, 374]]",4,74,499,374
863,n12144580_4001,[179.72],n12144580,"[[0, 5, 122, 503]]",0,5,122,503
864,n12144580_40013,[166.37],n12144580,"[[3, 1, 331, 498]]",3,1,331,498
865,n12144580_4006,[129.1],n12144580,"[[0, 202, 498, 374]]",0,202,498,374
866,n12144580_40363,[152.3],n12144580,"[[44, 45, 236, 138], [125, 162, 237, 240]]",44,45,236,138
867,n12144580_4068,[97.73],n12144580,"[[104, 137, 311, 249]]",104,137,311,249
868,n12144580_4069,[119.44],n12144580,"[[32, 185, 277, 426]]",32,185,277,426
869,n12144580_4070,[95.87],n12144580,"[[173, 123, 340, 492]]",173,123,340,492
870,n12144580_4084,[153.61],n12144580,"[[188, 52, 431, 241]]",188,52,431,241
871,n12144580_40895,[143.17],n12144580,"[[0, 0, 224, 167]]",0,0,224,167
872,n12144580_40933,[96.69],n12144580,"[[378, 149, 399, 171], [337, 140, 357, 159], [346, 97, 368, 117], [314, 94, 329, 112]]",378,149,399,171
873,n12144580_4097,[104.42],n12144580,"[[0, 1, 499, 333]]",0,1,499,333
874,n12144580_4126,[88.25],n12144580,"[[137, 120, 499, 371]]",137,120,499,371
875,n12144580_4134,[116.95],n12144580,"[[0, 0, 496, 356]]",0,0,496,356
876,n12144580_41460,[129.05],n12144580,"[[0, 1, 188, 241]]",0,1,188,241
877,n12144580_41465,[200.18],n12144580,"[[29, 98, 51, 118], [35, 127, 59, 148], [25, 165, 38, 178]]",29,98,51,118
878,n12144580_4148,[83.26],n12144580,"[[200, 189, 249, 289]]",200,189,249,289
879,n12144580_4150,[123.0],n12144580,"[[1, 44, 149, 111], [2, 27, 100, 83]]",1,44,149,111
880,n12144580_41555,[94.87],n12144580,"[[157, 0, 271, 274]]",157,0,271,274
881,n12144580_41617,[94.95],n12144580,"[[1, 1, 459, 318]]",1,1,459,318
882,n12144580_41683,[174.11],n12144580,"[[0, 75, 30, 178], [49, 117, 152, 179], [9, 87, 69, 177]]",0,75,30,178
883,n12144580_4202,[87.79],n12144580,"[[0, 24, 499, 373]]",0,24,499,373
884,n12144580_4244,[110.53],n12144580,"[[0, 0, 499, 364]]",0,0,499,364
885,n12144580_42698,[98.28],n12144580,"[[0, 0, 244, 498]]",0,0,244,498
886,n12144580_4314,[96.38],n12144580,"[[5, 35, 364, 178]]",5,35,364,178
887,n12144580_43263,[92.82],n12144580,"[[24, 32, 499, 332]]",24,32,499,332
888,n12144580_43715,[198.5],n12144580,"[[115, 0, 399, 267]]",115,0,399,267
889,n12144580_43759,[102.08],n12144580,"[[3, 73, 496, 263]]",3,73,496,263
890,n12144580_4384,[97.97],n12144580,"[[79, 254, 274, 351]]",79,254,274,351
891,n12144580_43883,[91.92],n12144580,"[[218, 2, 327, 177]]",218,2,327,177
892,n12144580_4392,[87.11],n12144580,"[[1, 0, 249, 164]]",1,0,249,164
893,n12144580_43950,[96.03],n12144580,"[[91, 210, 355, 322]]",91,210,355,322
894,n12144580_44062,[103.85],n12144580,"[[32, 94, 382, 331]]",32,94,382,331
895,n12144580_4422,[78.48],n12144580,"[[318, 0, 499, 280], [13, 0, 225, 280], [188, 0, 375, 280]]",318,0,499,280
896,n12144580_4448,[84.33],n12144580,"[[36, 182, 210, 498]]",36,182,210,498
897,n12144580_44810,[73.28],n12144580,"[[191, 57, 319, 402]]",191,57,319,402
898,n12144580_4483,[144.26],n12144580,"[[0, 0, 499, 353]]",0,0,499,353
899,n12144580_4491,[84.05],n12144580,"[[0, 60, 499, 249]]",0,60,499,249
900,n12144580_4492,[92.5],n12144580,"[[1, 15, 199, 96]]",1,15,199,96
901,n12144580_4495,[115.44],n12144580,"[[0, 2, 499, 374]]",0,2,499,374
902,n12144580_44983,[123.68],n12144580,"[[0, 0, 199, 149]]",0,0,199,149
903,n12144580_45042,[118.38],n12144580,"[[281, 127, 407, 238]]",281,127,407,238
904,n12144580_45150,[132.73],n12144580,"[[65, 1, 228, 102], [230, 0, 298, 102], [0, 0, 57, 102]]",65,1,228,102
905,n12144580_4516,[114.03],n12144580,"[[178, 111, 309, 211]]",178,111,309,211
906,n12144580_4520,[81.14],n12144580,"[[1, 2, 349, 229]]",1,2,349,229
907,n12144580_45226,[159.07],n12144580,"[[179, 76, 305, 199], [281, 94, 379, 233], [104, 20, 213, 95], [237, 1, 335, 124]]",179,76,305,199
908,n12144580_4532,[67.32],n12144580,"[[0, 5, 299, 214]]",0,5,299,214
909,n12144580_45362,[128.61],n12144580,"[[180, 103, 267, 315]]",180,103,267,315
910,n12144580_45415,[92.56],n12144580,"[[2, 2, 373, 497]]",2,2,373,497
911,n12144580_45418,[201.81],n12144580,"[[3, 1, 99, 65], [162, 143, 271, 222]]",3,1,99,65
912,n12144580_4542,[21.38],n12144580,"[[79, 132, 351, 277]]",79,132,351,277
913,n12144580_45515,[200.39],n12144580,"[[135, 15, 177, 146]]",135,15,177,146
914,n12144580_4557,[148.99],n12144580,"[[84, 114, 385, 212]]",84,114,385,212
915,n12144580_4562,[115.81],n12144580,"[[1, 35, 476, 350]]",1,35,476,350
916,n12144580_45628,[110.41],n12144580,"[[0, 0, 88, 270], [114, 126, 132, 153], [161, 123, 182, 148], [190, 124, 209, 150], [139, 128, 157, 156]]",0,0,88,270
917,n12144580_45647,[176.96],n12144580,"[[291, 98, 331, 149]]",291,98,331,149
918,n12144580_4567,[182.94],n12144580,"[[214, 37, 305, 200]]",214,37,305,200
919,n12144580_45773,[112.23],n12144580,"[[212, 239, 282, 300], [35, 89, 87, 130], [213, 118, 263, 162], [101, 73, 138, 114], [131, 256, 211, 306]]",212,239,282,300
920,n12144580_4582,[92.75],n12144580,"[[113, 63, 226, 470]]",113,63,226,470
921,n12144580_45992,[124.71],n12144580,"[[151, 203, 334, 274]]",151,203,334,274
922,n12144580_460,[88.48],n12144580,"[[0, 0, 179, 179]]",0,0,179,179
923,n12144580_46135,[146.81],n12144580,"[[147, 1, 386, 224]]",147,1,386,224
924,n12144580_4618,[113.0],n12144580,"[[0, 0, 498, 331]]",0,0,498,331
925,n12144580_4626,[168.1],n12144580,"[[7, 0, 95, 75]]",7,0,95,75
926,n12144580_4642,[53.9],n12144580,"[[46, 65, 432, 363], [62, 14, 499, 247]]",46,65,432,363
927,n12144580_4647,[69.3],n12144580,"[[80, 102, 499, 324]]",80,102,499,324
928,n12144580_4648,[77.01],n12144580,"[[4, 9, 491, 487]]",4,9,491,487
929,n12144580_46605,[133.24],n12144580,"[[119, 370, 341, 442]]",119,370,341,442
930,n12144580_46649,[122.69],n12144580,"[[99, 113, 106, 122], [72, 47, 87, 60], [102, 101, 114, 109], [145, 55, 155, 65], [33, 110, 41, 117], [124, 121, 137, 133]]",99,113,106,122
931,n12144580_4666,[92.79],n12144580,"[[15, 135, 481, 329]]",15,135,481,329
932,n12144580_4669,[148.38],n12144580,"[[215, 211, 361, 408]]",215,211,361,408
933,n12144580_4691,[144.17],n12144580,"[[0, 0, 710, 340]]",0,0,710,340
934,n12144580_4711,[53.91],n12144580,"[[79, 44, 444, 258]]",79,44,444,258
935,n12144580_47218,[94.48],n12144580,"[[81, 291, 333, 377], [206, 290, 358, 343]]",81,291,333,377
936,n12144580_4733,[116.82],n12144580,"[[318, 17, 498, 193]]",318,17,498,193
937,n12144580_47480,[116.48],n12144580,"[[0, 2, 499, 332]]",0,2,499,332
938,n12144580_4759,[132.92],n12144580,"[[143, 19, 255, 332], [371, 249, 392, 270]]",143,19,255,332
939,n12144580_47769,[134.73],n12144580,"[[68, 44, 190, 266], [8, 57, 82, 266]]",68,44,190,266
940,n12144580_4780,[134.74],n12144580,"[[48, 62, 225, 169]]",48,62,225,169
941,n12144580_47835,[187.74],n12144580,"[[0, 26, 239, 213], [33, 141, 68, 175], [121, 106, 153, 154], [72, 51, 105, 93]]",0,26,239,213
942,n12144580_47888,[146.12],n12144580,"[[161, 18, 220, 56]]",161,18,220,56
943,n12144580_47922,[164.44],n12144580,"[[215, 192, 327, 430]]",215,192,327,430
944,n12144580_48052,[107.76],n12144580,"[[90, 39, 199, 142]]",90,39,199,142
945,n12144580_48167,[101.55],n12144580,"[[26, 0, 248, 412]]",26,0,248,412
946,n12144580_48236,[72.07],n12144580,"[[62, 94, 256, 150]]",62,94,256,150
947,n12144580_48293,[65.19],n12144580,"[[195, 114, 229, 150], [283, 90, 325, 114], [263, 126, 306, 167], [228, 180, 266, 217], [147, 48, 191, 90], [168, 176, 199, 212], [156, 135, 200, 161], [255, 50, 286, 89], [197, 90, 222, 115]]",195,114,229,150
948,n12144580_4837,[67.16],n12144580,"[[2, 22, 313, 374]]",2,22,313,374
949,n12144580_4846,[101.28],n12144580,"[[0, 41, 441, 320]]",0,41,441,320
950,n12144580_4851,[138.28],n12144580,"[[56, 194, 301, 278]]",56,194,301,278
951,n12144580_4852,[159.35],n12144580,"[[0, 0, 499, 374]]",0,0,499,374
952,n12144580_48583,[123.9],n12144580,"[[0, 2, 215, 214]]",0,2,215,214
953,n12144580_48598,[146.25],n12144580,"[[71, 102, 87, 116], [50, 102, 60, 111], [100, 48, 110, 55], [98, 80, 111, 95], [45, 66, 61, 80], [34, 86, 51, 96], [105, 113, 113, 123], [55, 117, 66, 128]]",71,102,87,116
954,n12144580_48647,[203.05],n12144580,"[[39, 34, 59, 84], [56, 30, 75, 78]]",39,34,59,84
955,n12144580_48662,[113.17],n12144580,"[[0, 1, 55, 134], [162, 28, 199, 131], [125, 8, 169, 132], [49, 2, 91, 132]]",0,1,55,134
956,n12144580_48668,[84.18],n12144580,"[[6, 33, 187, 175]]",6,33,187,175
957,n12144580_48728,[119.59],n12144580,"[[1, 23, 199, 149]]",1,23,199,149
958,n12144580_48763,[109.0],n12144580,"[[0, 1, 449, 301]]",0,1,449,301
959,n12144580_4877,[117.52],n12144580,"[[32, 192, 83, 220]]",32,192,83,220
960,n12144580_4878,[112.51],n12144580,"[[140, 312, 372, 470]]",140,312,372,470
961,n12144580_488,[91.18],n12144580,"[[32, 130, 450, 241]]",32,130,450,241
962,n12144580_4887,[138.41],n12144580,"[[348, 247, 455, 321], [330, 59, 453, 150]]",348,247,455,321
963,n12144580_48889,[116.8],n12144580,"[[41, 167, 321, 387]]",41,167,321,387
964,n12144580_49,[115.4],n12144580,"[[63, 54, 175, 263]]",63,54,175,263
965,n12144580_49052,[90.21],n12144580,"[[19, 5, 243, 147]]",19,5,243,147
966,n12144580_49176,[86.78],n12144580,"[[174, 18, 379, 478]]",174,18,379,478
967,n12144580_49178,[116.69],n12144580,"[[186, 10, 312, 448], [25, 1, 173, 448]]",186,10,312,448
968,n12144580_49190,[86.44],n12144580,"[[0, 0, 187, 253]]",0,0,187,253
969,n12144580_49267,[172.16],n12144580,"[[180, 10, 329, 399], [2, 2, 180, 399]]",180,10,329,399
970,n12144580_49364,[112.96],n12144580,"[[92, 15, 134, 131], [53, 8, 95, 137]]",92,15,134,131
971,n12144580_49530,[120.18],n12144580,"[[59, 99, 83, 126], [48, 168, 75, 189], [0, 69, 24, 93]]",59,99,83,126
972,n12144580_4969,[81.91],n12144580,"[[122, 0, 499, 374], [0, 123, 366, 374]]",122,0,499,374
973,n12144580_497,[95.9],n12144580,"[[181, 99, 454, 399]]",181,99,454,399
974,n12144580_4977,[128.18],n12144580,"[[91, 356, 256, 466]]",91,356,256,466
975,n12144580_50076,[112.0],n12144580,"[[239, 35, 277, 188], [99, 7, 146, 169], [56, 16, 98, 158]]",239,35,277,188
976,n12144580_50099,[78.28],n12144580,"[[11, 99, 167, 173], [83, 49, 171, 86], [1, 0, 77, 29], [0, 103, 117, 157], [4, 10, 127, 66]]",11,99,167,173
977,n12144580_50141,[103.34],n12144580,"[[3, 0, 236, 300]]",3,0,236,300
978,n12144580_50243,[94.89],n12144580,"[[22, 6, 523, 130]]",22,6,523,130
979,n12144580_5045,[138.67],n12144580,"[[113, 39, 177, 90]]",113,39,177,90
980,n12144580_5048,[128.68],n12144580,"[[172, 176, 265, 265]]",172,176,265,265
981,n12144580_5051,[224.6],n12144580,"[[10, 60, 257, 215]]",10,60,257,215
982,n12144580_50641,[73.66],n12144580,"[[170, 137, 197, 162], [201, 162, 220, 183], [201, 133, 223, 153], [175, 158, 201, 183], [150, 137, 166, 156]]",170,137,197,162
983,n12144580_5065,[57.97],n12144580,"[[2, 1, 499, 285]]",2,1,499,285
984,n12144580_5152,[96.62],n12144580,"[[88, 241, 146, 318]]",88,241,146,318
985,n12144580_5210,[92.31],n12144580,"[[33, 26, 82, 113]]",33,26,82,113
986,n12144580_5222,[104.61],n12144580,"[[1, 2, 499, 378]]",1,2,499,378
987,n12144580_5265,[109.25],n12144580,"[[184, 166, 414, 294]]",184,166,414,294
988,n12144580_5309,[126.77],n12144580,"[[193, 75, 320, 320]]",193,75,320,320
989,n12144580_5329,[44.88],n12144580,"[[215, 8, 464, 363], [29, 135, 293, 283]]",215,8,464,363
990,n12144580_5336,[116.49],n12144580,"[[222, 158, 296, 213]]",222,158,296,213
991,n12144580_5337,[97.55],n12144580,"[[239, 219, 273, 251], [45, 12, 444, 333]]",239,219,273,251
992,n12144580_538,[61.81],n12144580,"[[38, 20, 491, 113]]",38,20,491,113
993,n12144580_54,[142.66],n12144580,"[[0, 0, 203, 167]]",0,0,203,167
994,n12144580_5417,[139.64],n12144580,"[[65, 99, 132, 432]]",65,99,132,432
995,n12144580_5485,[122.02],n12144580,"[[1, 63, 498, 395]]",1,63,498,395
996,n12144580_5511,[134.33],n12144580,"[[1, 40, 499, 299], [0, 0, 490, 233]]",1,40,499,299
997,n12144580_5531,[57.13],n12144580,"[[217, 73, 384, 195]]",217,73,384,195
998,n12144580_5536,[125.81],n12144580,"[[106, 36, 386, 306]]",106,36,386,306
999,n12144580_5584,[100.41],n12144580,"[[74, 30, 433, 265]]",74,30,433,265
1000,n12144580_5597,[124.63],n12144580,"[[136, 22, 498, 374]]",136,22,498,374
1001,n12144580_5632,[95.61],n12144580,"[[40, 361, 263, 428], [50, 343, 243, 362]]",40,361,263,428
1002,n12144580_5636,[105.82],n12144580,"[[132, 189, 274, 249]]",132,189,274,249
1003,n12144580_5644,[183.3],n12144580,"[[145, 146, 370, 213]]",145,146,370,213
1004,n12144580_5647,[77.11],n12144580,"[[1, 0, 351, 281]]",1,0,351,281
1005,n12144580_5664,[89.67],n12144580,"[[200, 35, 497, 374], [17, 109, 290, 363]]",200,35,497,374
1006,n12144580_5669,[112.3],n12144580,"[[68, 276, 293, 405]]",68,276,293,405
1007,n12144580_5697,[149.61],n12144580,"[[0, 0, 351, 498]]",0,0,351,498
1008,n12144580_571,[107.17],n12144580,"[[252, 183, 311, 236]]",252,183,311,236
1009,n12144580_5713,[90.97],n12144580,"[[110, 145, 202, 176]]",110,145,202,176
1010,n12144580_5776,[114.52],n12144580,"[[3, 0, 162, 109]]",3,0,162,109
1011,n12144580_5803,[39.65],n12144580,"[[31, 189, 330, 346]]",31,189,330,346
1012,n12144580_5847,[111.13],n12144580,"[[44, 80, 232, 182]]",44,80,232,182
1013,n12144580_5875,[199.12],n12144580,"[[85, 22, 933, 554]]",85,22,933,554
1014,n12144580_5887,[101.07],n12144580,"[[65, 22, 277, 161]]",65,22,277,161
1015,n12144580_5888,[85.65],n12144580,"[[0, 204, 434, 313]]",0,204,434,313
1016,n12144580_5932,[127.11],n12144580,"[[0, 0, 498, 297]]",0,0,498,297
1017,n12144580_596,[154.02],n12144580,"[[5, 0, 252, 308]]",5,0,252,308
1018,n12144580_5962,[112.98],n12144580,"[[0, 0, 498, 373]]",0,0,498,373
1019,n12144580_5980,[215.82],n12144580,"[[23, 17, 186, 119]]",23,17,186,119
1020,n12144580_6006,[148.05],n12144580,"[[36, 44, 123, 254]]",36,44,123,254
1021,n12144580_6033,[88.07],n12144580,"[[156, 170, 308, 358], [7, 172, 155, 366]]",156,170,308,358
1022,n12144580_6055,[49.43],n12144580,"[[15, 164, 490, 276]]",15,164,490,276
1023,n12144580_6056,[114.79],n12144580,"[[90, 108, 423, 219]]",90,108,423,219
1024,n12144580_6265,[157.8],n12144580,"[[64, 231, 425, 330]]",64,231,425,330
1025,n12144580_637,[87.54],n12144580,"[[9, 0, 460, 358]]",9,0,460,358
1026,n12144580_6381,[98.56],n12144580,"[[0, 20, 499, 373]]",0,20,499,373
1027,n12144580_64,[116.45],n12144580,"[[20, 16, 149, 267]]",20,16,149,267
1028,n12144580_6447,[116.55],n12144580,"[[73, 88, 499, 288]]",73,88,499,288
1029,n12144580_6453,[109.27],n12144580,"[[169, 0, 338, 330], [356, 1, 499, 330], [0, 0, 122, 330]]",169,0,338,330
1030,n12144580_6520,[135.59],n12144580,"[[1, 1, 497, 447]]",1,1,497,447
1031,n12144580_657,[111.7],n12144580,"[[0, 1, 215, 498], [171, 0, 373, 498]]",0,1,215,498
1032,n12144580_6604,[87.78],n12144580,"[[70, 60, 407, 158], [0, 153, 178, 264]]",70,60,407,158
1033,n12144580_663,[135.89],n12144580,"[[325, 36, 422, 355]]",325,36,422,355
1034,n12144580_6687,[109.67],n12144580,"[[147, 199, 399, 266], [195, 8, 296, 60]]",147,199,399,266
1035,n12144580_680,[68.49],n12144580,"[[72, 0, 289, 498]]",72,0,289,498
1036,n12144580_6888,[99.54],n12144580,"[[237, 127, 458, 245]]",237,127,458,245
1037,n12144580_6985,[125.39],n12144580,"[[46, 132, 499, 376]]",46,132,499,376
1038,n12144580_7189,[152.74],n12144580,"[[367, 68, 490, 182], [347, 182, 492, 332]]",367,68,490,182
1039,n12144580_7260,[183.33],n12144580,"[[8, 346, 331, 498], [0, 40, 331, 397]]",8,346,331,498
1040,n12144580_7388,[72.65],n12144580,"[[57, 258, 336, 498]]",57,258,336,498
1041,n12144580_7432,[115.77],n12144580,"[[279, 61, 317, 169]]",279,61,317,169
1042,n12144580_7447,[109.42],n12144580,"[[287, 184, 406, 307]]",287,184,406,307
1043,n12144580_7474,[134.68],n12144580,"[[204, 90, 431, 310]]",204,90,431,310
1044,n12144580_7551,[130.58],n12144580,"[[144, 131, 290, 237]]",144,131,290,237
1045,n12144580_7552,[91.92],n12144580,"[[169, 143, 278, 219]]",169,143,278,219
1046,n12144580_756,[165.13],n12144580,"[[0, 17, 138, 189]]",0,17,138,189
1047,n12144580_7804,[131.82],n12144580,"[[0, 3, 499, 374]]",0,3,499,374
1048,n12144580_7952,[85.83],n12144580,"[[2, 1, 498, 289]]",2,1,498,289
1049,n12144580_7997,[118.97],n12144580,"[[1, 39, 498, 251]]",1,39,498,251
1050,n12144580_8041,[84.9],n12144580,"[[256, 116, 402, 200]]",256,116,402,200
1051,n12144580_805,[129.27],n12144580,"[[1, 1, 273, 498]]",1,1,273,498
1052,n12144580_8132,[120.03],n12144580,"[[132, 165, 255, 247]]",132,165,255,247
1053,n12144580_8270,[118.61],n12144580,"[[101, 22, 210, 385]]",101,22,210,385
1054,n12144580_8329,[148.23],n12144580,"[[4, 5, 437, 375], [340, 232, 431, 301], [305, 0, 498, 271]]",4,5,437,375
1055,n12144580_8452,[215.04],n12144580,"[[78, 191, 488, 467]]",78,191,488,467
1056,n12144580_8609,[113.42],n12144580,"[[0, 94, 496, 374]]",0,94,496,374
1057,n12144580_8713,[99.99],n12144580,"[[2, 65, 375, 335]]",2,65,375,335
1058,n12144580_8751,[102.97],n12144580,"[[65, 17, 499, 386], [0, 1, 135, 185]]",65,17,499,386
1059,n12144580_8770,[18.55],n12144580,"[[26, 71, 221, 199], [75, 39, 279, 152]]",26,71,221,199
1060,n12144580_8792,[122.1],n12144580,"[[0, 2, 499, 374]]",0,2,499,374
1061,n12144580_8815,[109.1],n12144580,"[[277, 26, 493, 247]]",277,26,493,247
1062,n12144580_893,[68.85],n12144580,"[[123, 50, 235, 199]]",123,50,235,199
1063,n12144580_8973,[120.86],n12144580,"[[19, 30, 498, 145]]",19,30,498,145
1064,n12144580_9216,[163.17],n12144580,"[[0, 0, 199, 299]]",0,0,199,299
1065,n12144580_9218,[111.81],n12144580,"[[320, 157, 430, 311]]",320,157,430,311
1066,n12144580_922,[200.38],n12144580,"[[28, 24, 191, 126]]",28,24,191,126
1067,n12144580_9246,[158.4],n12144580,"[[165, 307, 285, 374], [333, 95, 410, 128], [217, 181, 295, 227], [2, 94, 499, 374]]",165,307,285,374
1068,n12144580_9364,[78.1],n12144580,"[[328, 278, 411, 354], [310, 37, 368, 98], [88, 0, 154, 51], [0, 8, 499, 374]]",328,278,411,354
1069,n12144580_9438,[98.44],n12144580,"[[0, 197, 275, 441]]",0,197,275,441
1070,n12144580_9553,[103.22],n12144580,"[[142, 135, 327, 195]]",142,135,327,195
1071,n12144580_9623,[78.33],n12144580,"[[0, 125, 271, 451]]",0,125,271,451
1072,n12144580_964,[99.05],n12144580,"[[51, 165, 271, 254]]",51,165,271,254
1073,n12144580_9821,[50.36],n12144580,"[[312, 149, 356, 222], [179, 164, 240, 242], [421, 81, 461, 141], [53, 57, 499, 260]]",312,149,356,222
1074,n12144580_989,[139.35],n12144580,"[[0, 1, 499, 344]]",0,1,499,344
