,Class,filename,bbox,xmin,ymin,xmax,ymax
0,n12144580,n12144580_18401,"[139, 155, 349, 259]",139,155,349,259
1,n12144580,n12144580_18401,"[291, 121, 487, 201]",139,155,349,259
2,n12144580,n12144580_18401,"[188, 146, 405, 245]",139,155,349,259
3,n04023962,n04023962_21358,"[[142, 45, 215, 316]]",142,45,215,316
4,n04023962,n04023962_8659,"[[159, 40, 220, 166]]",159,40,220,166
5,n04023962,n04023962_22196,"[[25, 3, 165, 455]]",25,3,165,455
6,n04023962,n04023962_10130,"[[49, 72, 198, 374]]",49,72,198,374
7,n04023962,n04023962_6050,"[[52, 0, 286, 498]]",52,0,286,498
8,n04023962,n04023962_21636,"[[88, 1, 131, 155]]",88,1,131,155
9,n04023962,n04023962_22495,"[[375, 0, 499, 357]]",375,0,499,357
10,n04023962,n04023962_3168,"[[4, 45, 79, 316]]",4,45,79,316
11,n04023962,n04023962_6676,"[[35, 27, 71, 217], [218, 23, 252, 180]]",35,27,71,217
12,n04023962,n04023962_21125,"[[0, 0, 328, 332]]",0,0,328,332
13,n04023962,n04023962_5457,"[[107, 90, 175, 326]]",107,90,175,326
14,n04023962,n04023962_11276,"[[150, 56, 197, 217]]",150,56,197,217
15,n04023962,n04023962_22374,"[[68, 2, 287, 497]]",68,2,287,497
16,n04023962,n04023962_9854,"[[58, 7, 116, 237]]",58,7,116,237
17,n04023962,n04023962_15496,"[[230, 0, 328, 296]]",230,0,328,296
18,n04023962,n04023962_21212,"[[246, 2, 311, 297]]",246,2,311,297
19,n04023962,n04023962_18704,"[[356, 6, 498, 391]]",356,6,498,391
20,n04023962,n04023962_3854,"[[92, 150, 207, 378]]",92,150,207,378
21,n04023962,n04023962_7403,"[[132, 1, 231, 446]]",132,1,231,446
22,n04023962,n04023962_9857,"[[0, 0, 200, 200]]",0,0,200,200
23,n04023962,n04023962_21025,"[[53, 26, 152, 380]]",53,26,152,380
24,n04023962,n04023962_14997,"[[78, 14, 287, 345]]",78,14,287,345
25,n04023962,n04023962_21891,"[[272, 0, 373, 352]]",272,0,373,352
26,n04023962,n04023962_18431,"[[171, 7, 225, 141]]",171,7,225,141
27,n04023962,n04023962_1217,"[[312, 0, 499, 247]]",312,0,499,247
28,n04023962,n04023962_5111,"[[78, 0, 456, 241]]",78,0,456,241
29,n04023962,n04023962_2292,"[[11, 62, 80, 89], [12, 0, 46, 62], [48, 0, 80, 60]]",11,62,80,89
30,n04023962,n04023962_14421,"[[1, 0, 240, 333]]",1,0,240,333
31,n04023962,n04023962_7987,"[[241, 9, 581, 376], [666, 169, 730, 473], [671, 90, 865, 480]]",241,9,581,376
32,n04023962,n04023962_5523,"[[80, 136, 446, 259]]",80,136,446,259
33,n04023962,n04023962_5786,"[[137, 4, 201, 209], [41, 7, 104, 208]]",137,4,201,209
34,n04023962,n04023962_13979,"[[95, 19, 174, 262]]",95,19,174,262
35,n04023962,n04023962_9478,"[[0, 0, 135, 446]]",0,0,135,446
36,n04023962,n04023962_3281,"[[237, 83, 341, 285]]",237,83,341,285
37,n04023962,n04023962_80,"[[290, 3, 371, 291]]",290,3,371,291
38,n04023962,n04023962_8413,"[[8, 0, 236, 270]]",8,0,236,270
39,n04023962,n04023962_22424,"[[33, 27, 95, 242]]",33,27,95,242
40,n04023962,n04023962_4062,"[[15, 83, 63, 238]]",15,83,63,238
41,n04023962,n04023962_10542,"[[136, 138, 206, 383]]",136,138,206,383
42,n04023962,n04023962_6300,"[[15, 1, 59, 94]]",15,1,59,94
43,n04023962,n04023962_21015,"[[34, 0, 231, 275], [317, 0, 392, 98]]",34,0,231,275
44,n04023962,n04023962_17395,"[[52, 73, 86, 115]]",52,73,86,115
45,n04023962,n04023962_7918,"[[98, 19, 223, 198]]",98,19,223,198
46,n04023962,n04023962_4180,"[[18, 10, 183, 357]]",18,10,183,357
47,n04023962,n04023962_1580,"[[123, 0, 317, 367]]",123,0,317,367
48,n04023962,n04023962_14464,"[[147, 0, 266, 498]]",147,0,266,498
49,n04023962,n04023962_21934,"[[77, 91, 124, 238], [201, 102, 234, 214], [276, 115, 307, 205], [325, 120, 352, 194], [363, 125, 384, 191]]",77,91,124,238
50,n04023962,n04023962_7893,"[[18, 12, 193, 188]]",18,12,193,188
51,n04023962,n04023962_7376,"[[130, 0, 217, 307]]",130,0,217,307
52,n04023962,n04023962_1277,"[[22, 50, 331, 498]]",22,50,331,498
53,n04023962,n04023962_14195,"[[86, 126, 175, 238]]",86,126,175,238
54,n04023962,n04023962_15801,"[[5, 0, 61, 252]]",5,0,61,252
55,n04023962,n04023962_12095,"[[81, 179, 226, 485]]",81,179,226,485
56,n04023962,n04023962_6400,"[[0, 89, 638, 417]]",0,89,638,417
57,n04023962,n04023962_6201,"[[95, 16, 156, 319]]",95,16,156,319
58,n04023962,n04023962_44316,"[[215, 196, 270, 266]]",215,196,270,266
59,n04023962,n04023962_19770,"[[222, 1, 333, 242]]",222,1,333,242
60,n04023962,n04023962_6550,"[[333, 0, 430, 332]]",333,0,430,332
61,n04023962,n04023962_8514,"[[968, 609, 1219, 1257]]",968,609,1219,1257
62,n04023962,n04023962_14166,"[[204, 2, 305, 202]]",204,2,305,202
63,n04023962,n04023962_6261,"[[168, 48, 506, 1021]]",168,48,506,1021
64,n04023962,n04023962_9628,"[[373, 139, 463, 295]]",373,139,463,295
65,n04023962,n04023962_21365,"[[110, 31, 282, 461]]",110,31,282,461
66,n04023962,n04023962_6797,"[[160, 173, 282, 568], [500, 57, 645, 560]]",160,173,282,568
67,n04023962,n04023962_17528,"[[262, 0, 434, 374]]",262,0,434,374
68,n04023962,n04023962_18315,"[[217, 128, 256, 321]]",217,128,256,321
69,n04023962,n04023962_11210,"[[261, 0, 373, 246]]",261,0,373,246
70,n04023962,n04023962_17408,"[[9, 40, 499, 241]]",9,40,499,241
71,n04023962,n04023962_4414,"[[78, 162, 146, 331]]",78,162,146,331
72,n04023962,n04023962_3319,"[[0, 105, 185, 460]]",0,105,185,460
73,n04023962,n04023962_1175,"[[166, 0, 319, 200]]",166,0,319,200
74,n04023962,n04023962_3327,"[[167, 60, 220, 282]]",167,60,220,282
75,n04023962,n04023962_8048,"[[1, 0, 399, 319]]",1,0,399,319
76,n04023962,n04023962_9229,"[[81, 0, 286, 448]]",81,0,286,448
77,n04023962,n04023962_8401,"[[248, 0, 340, 374]]",248,0,340,374
78,n04023962,n04023962_22621,"[[138, 5, 240, 345]]",138,5,240,345
79,n04023962,n04023962_19214,"[[214, 2, 314, 284]]",214,2,314,284
80,n04023962,n04023962_2714,"[[107, 95, 220, 345]]",107,95,220,345
81,n04023962,n04023962_2510,"[[46, 41, 318, 465]]",46,41,318,465
82,n04023962,n04023962_9294,"[[98, 70, 211, 329]]",98,70,211,329
83,n04023962,n04023962_10405,"[[219, 40, 315, 271]]",219,40,315,271
84,n04023962,n04023962_9625,"[[2, 131, 96, 222]]",2,131,96,222
85,n04023962,n04023962_3158,"[[0, 1, 142, 324]]",0,1,142,324
86,n04023962,n04023962_22964,"[[188, 85, 256, 287]]",188,85,256,287
87,n04023962,n04023962_9912,"[[65, 0, 120, 350], [281, 62, 319, 231]]",65,0,120,350
88,n04023962,n04023962_6289,"[[0, 211, 137, 366]]",0,211,137,366
89,n04023962,n04023962_1116,"[[22, 42, 132, 316]]",22,42,132,316
90,n04023962,n04023962_2317,"[[103, 161, 252, 495]]",103,161,252,495
91,n04023962,n04023962_9679,"[[63, 5, 259, 498]]",63,5,259,498
92,n04023962,n04023962_4929,"[[0, 0, 117, 352]]",0,0,117,352
93,n04023962,n04023962_5896,"[[88, 53, 177, 346]]",88,53,177,346
94,n04023962,n04023962_51627,"[[144, 172, 198, 226], [66, 79, 125, 143], [213, 201, 273, 259]]",144,172,198,226
95,n04023962,n04023962_10919,"[[66, 62, 140, 173]]",66,62,140,173
96,n04023962,n04023962_8134,"[[201, 15, 311, 411]]",201,15,311,411
97,n04023962,n04023962_2201,"[[12, 1, 35, 76], [39, 38, 99, 78]]",12,1,35,76
98,n04023962,n04023962_2213,"[[41, 0, 225, 255]]",41,0,225,255
99,n04023962,n04023962_9328,"[[162, 161, 251, 263]]",162,161,251,263
100,n04023962,n04023962_16469,"[[148, 0, 250, 367]]",148,0,250,367
101,n04023962,n04023962_3941,"[[263, 1, 400, 283]]",263,1,400,283
102,n04023962,n04023962_13239,"[[311, 134, 431, 234]]",311,134,431,234
103,n04023962,n04023962_6837,"[[316, 172, 417, 308]]",316,172,417,308
104,n04023962,n04023962_17564,"[[296, 212, 413, 351]]",296,212,413,351
105,n04023962,n04023962_12984,"[[235, 0, 340, 202]]",235,0,340,202
106,n04023962,n04023962_4827,"[[17, 28, 74, 87]]",17,28,74,87
107,n04023962,n04023962_6836,"[[275, 41, 385, 245]]",275,41,385,245
108,n04023962,n04023962_3247,"[[105, 132, 180, 378]]",105,132,180,378
109,n04023962,n04023962_5110,"[[249, 101, 322, 358]]",249,101,322,358
110,n04023962,n04023962_17435,"[[137, 148, 297, 458]]",137,148,297,458
111,n04023962,n04023962_2602,"[[318, 88, 381, 285]]",318,88,381,285
112,n04023962,n04023962_22781,"[[170, 72, 224, 357]]",170,72,224,357
113,n04023962,n04023962_9691,"[[63, 68, 218, 381]]",63,68,218,381
114,n04023962,n04023962_5610,"[[0, 73, 107, 200]]",0,73,107,200
115,n04023962,n04023962_11795,"[[101, 56, 297, 447]]",101,56,297,447
116,n04023962,n04023962_3245,"[[64, 20, 215, 278]]",64,20,215,278
117,n04023962,n04023962_15513,"[[221, 7, 329, 498], [56, 0, 224, 141]]",221,7,329,498
118,n04023962,n04023962_12467,"[[108, 0, 215, 374]]",108,0,215,374
119,n04023962,n04023962_16004,"[[96, 0, 259, 332]]",96,0,259,332
120,n04023962,n04023962_10183,"[[354, 33, 499, 374]]",354,33,499,374
121,n04023962,n04023962_15879,"[[0, 0, 225, 498]]",0,0,225,498
122,n04023962,n04023962_4313,"[[0, 113, 185, 447]]",0,113,185,447
123,n04023962,n04023962_13343,"[[33, 11, 57, 74]]",33,11,57,74
124,n04023962,n04023962_7017,"[[92, 12, 315, 311]]",92,12,315,311
125,n04023962,n04023962_12108,"[[264, 0, 351, 288]]",264,0,351,288
126,n04023962,n04023962_3261,"[[2, 0, 90, 396]]",2,0,90,396
127,n04023962,n04023962_19833,"[[254, 178, 297, 277]]",254,178,297,277
128,n04023962,n04023962_6852,"[[129, 111, 330, 498]]",129,111,330,498
129,n04023962,n04023962_4325,"[[141, 106, 327, 453]]",141,106,327,453
130,n04023962,n04023962_8290,"[[118, 28, 249, 471]]",118,28,249,471
131,n04023962,n04023962_2519,"[[63, 0, 327, 332]]",63,0,327,332
132,n04023962,n04023962_9205,"[[65, 0, 284, 325]]",65,0,284,325
133,n04023962,n04023962_5512,"[[81, 3, 304, 495]]",81,3,304,495
134,n04023962,n04023962_2719,"[[94, 49, 139, 150], [55, 47, 94, 149]]",94,49,139,150
135,n04023962,n04023962_4432,"[[36, 0, 127, 234]]",36,0,127,234
136,n04023962,n04023962_20769,"[[370, 1, 466, 285], [47, 22, 147, 165]]",370,1,466,285
137,n04023962,n04023962_47600,"[[0, 0, 148, 498]]",0,0,148,498
138,n04023962,n04023962_6069,"[[233, 77, 336, 217]]",233,77,336,217
139,n04023962,n04023962_7969,"[[252, 1, 374, 209]]",252,1,374,209
140,n04023962,n04023962_966,"[[102, 23, 241, 460]]",102,23,241,460
141,n04023962,n04023962_13495,"[[185, 2, 257, 271]]",185,2,257,271
142,n04023962,n04023962_16117,"[[107, 0, 231, 327]]",107,0,231,327
143,n04023962,n04023962_14595,"[[234, 20, 437, 367]]",234,20,437,367
144,n04023962,n04023962_17684,"[[116, 0, 238, 451]]",116,0,238,451
145,n04023962,n04023962_8370,"[[56, 3, 124, 149]]",56,3,124,149
146,n04023962,n04023962_20230,"[[233, 0, 307, 274]]",233,0,307,274
147,n04023962,n04023962_163,"[[213, 78, 244, 130]]",213,78,244,130
148,n04023962,n04023962_2568,"[[165, 65, 487, 766]]",165,65,487,766
149,n04023962,n04023962_16165,"[[0, 0, 191, 397]]",0,0,191,397
150,n04023962,n04023962_12492,"[[11, 154, 497, 332]]",11,154,497,332
151,n04023962,n04023962_4199,"[[203, 59, 423, 367]]",203,59,423,367
152,n04023962,n04023962_17210,"[[58, 1, 189, 374]]",58,1,189,374
153,n04023962,n04023962_16731,"[[28, 0, 148, 422]]",28,0,148,422
154,n04023962,n04023962_1981,"[[199, 116, 271, 291], [352, 91, 480, 374], [28, 0, 168, 374]]",199,116,271,291
155,n04023962,n04023962_12496,"[[65, 69, 233, 180]]",65,69,233,180
156,n04023962,n04023962_1153,"[[289, 118, 353, 237], [389, 67, 445, 226], [107, 82, 199, 240], [451, 79, 496, 207]]",289,118,353,237
157,n04023962,n04023962_15676,"[[170, 0, 289, 238]]",170,0,289,238
158,n04023962,n04023962_6697,"[[111, 81, 245, 437]]",111,81,245,437
159,n04023962,n04023962_6829,"[[146, 26, 233, 269]]",146,26,233,269
160,n04023962,n04023962_18636,"[[0, 3, 332, 498]]",0,3,332,498
161,n04023962,n04023962_51243,"[[19, 56, 176, 347]]",19,56,176,347
162,n04023962,n04023962_20853,"[[123, 1, 267, 273]]",123,1,267,273
163,n04023962,n04023962_18448,"[[336, 69, 381, 203], [66, 49, 120, 252], [235, 75, 288, 147], [32, 124, 59, 153]]",336,69,381,203
164,n04023962,n04023962_8591,"[[77, 33, 135, 276]]",77,33,135,276
165,n04023962,n04023962_7383,"[[68, 166, 145, 316]]",68,166,145,316
166,n04023962,n04023962_7675,"[[234, 79, 264, 166]]",234,79,264,166
167,n04023962,n04023962_16168,"[[197, 0, 282, 358]]",197,0,282,358
168,n04023962,n04023962_3609,"[[101, 150, 303, 418]]",101,150,303,418
169,n04023962,n04023962_21292,"[[4, 0, 285, 374]]",4,0,285,374
170,n04023962,n04023962_20163,"[[73, 26, 306, 498]]",73,26,306,498
171,n04023962,n04023962_50496,"[[22, 31, 105, 300]]",22,31,105,300
172,n04023962,n04023962_10518,"[[66, 37, 199, 169]]",66,37,199,169
173,n04023962,n04023962_3221,"[[109, 0, 374, 320]]",109,0,374,320
174,n04023962,n04023962_3059,"[[57, 47, 222, 228]]",57,47,222,228
175,n04023962,n04023962_7353,"[[356, 0, 497, 381]]",356,0,497,381
176,n04023962,n04023962_17705,"[[105, 2, 206, 470]]",105,2,206,470
177,n04023962,n04023962_8698,"[[75, 78, 140, 241], [11, 26, 93, 239], [130, 35, 198, 237]]",75,78,140,241
178,n04023962,n04023962_6779,"[[110, 28, 202, 268]]",110,28,202,268
179,n04023962,n04023962_15613,"[[151, 177, 265, 374]]",151,177,265,374
180,n04023962,n04023962_8926,"[[38, 103, 82, 182], [307, 0, 499, 332]]",38,103,82,182
181,n04023962,n04023962_34288,"[[1, 0, 186, 498]]",1,0,186,498
182,n04023962,n04023962_13613,"[[202, 110, 458, 214]]",202,110,458,214
183,n04023962,n04023962_17599,"[[0, 0, 108, 498]]",0,0,108,498
184,n04023962,n04023962_2366,"[[0, 0, 128, 298]]",0,0,128,298
185,n04023962,n04023962_7570,"[[31, 1, 119, 175]]",31,1,119,175
186,n04023962,n04023962_21405,"[[2, 0, 124, 267]]",2,0,124,267
187,n04023962,n04023962_20821,"[[13, 161, 336, 217]]",13,161,336,217
188,n04023962,n04023962_22404,"[[234, 0, 301, 219]]",234,0,301,219
189,n04023962,n04023962_970,"[[48, 0, 234, 335]]",48,0,234,335
190,n04023962,n04023962_7569,"[[137, 96, 341, 472]]",137,96,341,472
191,n04023962,n04023962_43764,"[[223, 181, 343, 498]]",223,181,343,498
192,n04023962,n04023962_10910,"[[65, 200, 168, 335]]",65,200,168,335
193,n04023962,n04023962_20790,"[[302, 0, 388, 174]]",302,0,388,174
194,n04023962,n04023962_6489,"[[101, 102, 379, 374]]",101,102,379,374
195,n04023962,n04023962_17345,"[[47, 8, 221, 332]]",47,8,221,332
196,n04023962,n04023962_8283,"[[71, 97, 123, 182]]",71,97,123,182
197,n04023962,n04023962_14943,"[[213, 0, 270, 318]]",213,0,270,318
198,n04023962,n04023962_10140,"[[87, 58, 272, 498]]",87,58,272,498
199,n04023962,n04023962_7410,"[[406, 68, 569, 506]]",406,68,569,506
200,n04023962,n04023962_10577,"[[262, 0, 378, 216]]",262,0,378,216
201,n04023962,n04023962_2676,"[[233, 0, 329, 247]]",233,0,329,247
202,n04023962,n04023962_6765,"[[62, 90, 118, 176]]",62,90,118,176
203,n04023962,n04023962_6614,"[[91, 1, 269, 498]]",91,1,269,498
204,n04023962,n04023962_21805,"[[0, 0, 192, 399]]",0,0,192,399
205,n04023962,n04023962_5050,"[[54, 33, 185, 372]]",54,33,185,372
206,n04023962,n04023962_51903,"[[178, 141, 230, 276]]",178,141,230,276
207,n04023962,n04023962_8371,"[[66, 12, 160, 307]]",66,12,160,307
208,n04023962,n04023962_15856,"[[40, 0, 297, 466]]",40,0,297,466
209,n04023962,n04023962_21240,"[[281, 1, 373, 498]]",281,1,373,498
210,n04023962,n04023962_22931,"[[176, 20, 251, 251]]",176,20,251,251
211,n04023962,n04023962_47,"[[0, 23, 118, 498]]",0,23,118,498
212,n04023962,n04023962_6800,"[[1, 23, 112, 197]]",1,23,112,197
213,n04023962,n04023962_5540,"[[1, 41, 81, 308]]",1,41,81,308
214,n04023962,n04023962_9955,"[[9, 40, 114, 369]]",9,40,114,369
215,n04023962,n04023962_15133,"[[1, 0, 249, 456]]",1,0,249,456
216,n04023962,n04023962_22261,"[[146, 109, 421, 202], [41, 144, 368, 245]]",146,109,421,202
217,n04023962,n04023962_6579,"[[7, 0, 54, 142]]",7,0,54,142
218,n04023962,n04023962_8100,"[[82, 21, 168, 250]]",82,21,168,250
219,n04023962,n04023962_3025,"[[15, 57, 144, 492]]",15,57,144,492
220,n04023962,n04023962_14865,"[[280, 105, 428, 373]]",280,105,428,373
221,n04023962,n04023962_629,"[[141, 181, 252, 443]]",141,181,252,443
222,n04023962,n04023962_12625,"[[92, 0, 173, 143]]",92,0,173,143
223,n04023962,n04023962_10199,"[[81, 140, 245, 296]]",81,140,245,296
224,n04023962,n04023962_7323,"[[0, 1, 118, 502]]",0,1,118,502
225,n04023962,n04023962_1582,"[[71, 60, 246, 407]]",71,60,246,407
226,n04023962,n04023962_36,"[[107, 171, 156, 326]]",107,171,156,326
227,n04023962,n04023962_18939,"[[335, 31, 387, 265]]",335,31,387,265
228,n04023962,n04023962_14286,"[[56, 83, 117, 227]]",56,83,117,227
229,n04023962,n04023962_21453,"[[215, 68, 266, 320]]",215,68,266,320
230,n04023962,n04023962_20883,"[[367, 0, 499, 332]]",367,0,499,332
231,n04023962,n04023962_17553,"[[188, 50, 326, 297]]",188,50,326,297
232,n04023962,n04023962_11675,"[[258, 150, 299, 206]]",258,150,299,206
233,n04023962,n04023962_5670,"[[176, 31, 323, 326]]",176,31,323,326
234,n04023962,n04023962_6677,"[[113, 331, 260, 498]]",113,331,260,498
235,n04023962,n04023962_14727,"[[87, 18, 201, 288]]",87,18,201,288
236,n04023962,n04023962_3923,"[[96, 0, 189, 217]]",96,0,189,217
237,n04023962,n04023962_2111,"[[22, 1, 265, 374]]",22,1,265,374
238,n04023962,n04023962_10666,"[[1, 1, 175, 287]]",1,1,175,287
239,n04023962,n04023962_29803,"[[0, 3, 174, 482]]",0,3,174,482
240,n04023962,n04023962_10108,"[[220, 0, 335, 498]]",220,0,335,498
241,n04023962,n04023962_6593,"[[302, 33, 406, 208]]",302,33,406,208
242,n04023962,n04023962_6284,"[[214, 82, 276, 400]]",214,82,276,400
243,n04023962,n04023962_7104,"[[36, 0, 123, 120]]",36,0,123,120
244,n04023962,n04023962_8958,"[[94, 52, 231, 354]]",94,52,231,354
245,n04023962,n04023962_7041,"[[42, 25, 148, 208]]",42,25,148,208
246,n04023962,n04023962_3528,"[[21, 0, 161, 441]]",21,0,161,441
247,n04023962,n04023962_21424,"[[110, 0, 265, 473], [250, 6, 320, 441], [0, 67, 43, 306]]",110,0,265,473
248,n04023962,n04023962_18733,"[[221, 208, 372, 498]]",221,208,372,498
249,n04023962,n04023962_10304,"[[146, 93, 242, 370]]",146,93,242,370
250,n04023962,n04023962_10682,"[[26, 93, 499, 284]]",26,93,499,284
251,n04023962,n04023962_6386,"[[164, 108, 281, 399]]",164,108,281,399
252,n04023962,n04023962_3329,"[[17, 2, 329, 331]]",17,2,329,331
253,n04023962,n04023962_466,"[[33, 106, 353, 488]]",33,106,353,488
254,n04023962,n04023962_1924,"[[212, 98, 313, 316]]",212,98,313,316
255,n04023962,n04023962_53511,"[[331, 1, 499, 365]]",331,1,499,365
256,n04023962,n04023962_5262,"[[285, 21, 368, 191]]",285,21,368,191
257,n04023962,n04023962_2541,"[[0, 37, 61, 331]]",0,37,61,331
258,n04023962,n04023962_9398,"[[314, 38, 484, 612]]",314,38,484,612
259,n04023962,n04023962_6920,"[[305, 0, 384, 327]]",305,0,384,327
260,n04023962,n04023962_7499,"[[209, 1, 318, 289]]",209,1,318,289
261,n04023962,n04023962_14954,"[[74, 66, 131, 276]]",74,66,131,276
262,n04023962,n04023962_7357,"[[294, 123, 395, 420]]",294,123,395,420
263,n04023962,n04023962_21993,"[[71, 110, 253, 498]]",71,110,253,498
264,n04023962,n04023962_6456,"[[15, 24, 94, 230]]",15,24,94,230
265,n04023962,n04023962_2800,"[[62, 16, 459, 668]]",62,16,459,668
266,n04023962,n04023962_34192,"[[58, 20, 117, 105]]",58,20,117,105
267,n04023962,n04023962_7284,"[[1, 113, 256, 374]]",1,113,256,374
268,n04023962,n04023962_8015,"[[2, 0, 499, 374]]",2,0,499,374
269,n04023962,n04023962_7804,"[[137, 61, 220, 426]]",137,61,220,426
270,n04023962,n04023962_7009,"[[12, 187, 192, 606], [145, 72, 380, 587]]",12,187,192,606
271,n04023962,n04023962_19957,"[[205, 1, 433, 314]]",205,1,433,314
272,n04023962,n04023962_40822,"[[230, 8, 472, 178]]",230,8,472,178
273,n04023962,n04023962_14170,"[[266, 111, 320, 176]]",266,111,320,176
274,n04023962,n04023962_22220,"[[0, 2, 372, 498]]",0,2,372,498
275,n04023962,n04023962_50242,"[[1, 0, 157, 410]]",1,0,157,410
276,n04023962,n04023962_18563,"[[364, 0, 463, 143]]",364,0,463,143
277,n04023962,n04023962_13783,"[[103, 0, 337, 498]]",103,0,337,498
278,n04023962,n04023962_4658,"[[101, 81, 275, 498]]",101,81,275,498
279,n04023962,n04023962_3809,"[[57, 13, 184, 473]]",57,13,184,473
280,n04023962,n04023962_10303,"[[84, 69, 499, 263]]",84,69,499,263
281,n04023962,n04023962_9149,"[[70, 0, 178, 403]]",70,0,178,403
282,n04023962,n04023962_16937,"[[73, 73, 121, 265], [125, 55, 236, 270]]",73,73,121,265
283,n04023962,n04023962_16859,"[[243, 0, 333, 374]]",243,0,333,374
284,n04023962,n04023962_6185,"[[142, 141, 291, 460]]",142,141,291,460
285,n04023962,n04023962_8621,"[[98, 41, 155, 167]]",98,41,155,167
286,n04023962,n04023962_4289,"[[238, 3, 394, 370]]",238,3,394,370
287,n04023962,n04023962_9274,"[[168, 0, 279, 209]]",168,0,279,209
288,n04023962,n04023962_11348,"[[343, 2, 456, 162]]",343,2,456,162
289,n04023962,n04023962_18760,"[[72, 0, 256, 492]]",72,0,256,492
290,n04023962,n04023962_16223,"[[0, 0, 75, 438]]",0,0,75,438
291,n04023962,n04023962_7344,"[[143, 0, 223, 162]]",143,0,223,162
292,n04023962,n04023962_1992,"[[48, 50, 155, 336]]",48,50,155,336
293,n04023962,n04023962_12548,"[[96, 66, 264, 337]]",96,66,264,337
294,n04023962,n04023962_6257,"[[112, 5, 191, 232], [3, 10, 102, 235]]",112,5,191,232
295,n04023962,n04023962_7049,"[[100, 108, 292, 352]]",100,108,292,352
296,n04023962,n04023962_20126,"[[0, 47, 90, 447]]",0,47,90,447
297,n04023962,n04023962_2164,"[[302, 7, 418, 254]]",302,7,418,254
298,n04023962,n04023962_2028,"[[13, 131, 499, 266]]",13,131,499,266
299,n04023962,n04023962_19790,"[[344, 0, 498, 208]]",344,0,498,208
300,n04023962,n04023962_4579,"[[117, 100, 334, 498]]",117,100,334,498
301,n04023962,n04023962_2148,"[[195, 18, 310, 322], [97, 38, 195, 324], [31, 86, 98, 325]]",195,18,310,322
302,n04023962,n04023962_8566,"[[125, 101, 179, 212]]",125,101,179,212
303,n04023962,n04023962_8486,"[[38, 83, 119, 285]]",38,83,119,285
304,n04023962,n04023962_9431,"[[58, 4, 237, 242]]",58,4,237,242
305,n04023962,n04023962_50943,"[[1, 177, 351, 498]]",1,177,351,498
306,n04023962,n04023962_21363,"[[88, 48, 250, 485]]",88,48,250,485
307,n04023962,n04023962_5491,"[[292, 18, 408, 341]]",292,18,408,341
308,n04023962,n04023962_16581,"[[108, 47, 281, 433]]",108,47,281,433
309,n04023962,n04023962_16855,"[[402, 3, 499, 332]]",402,3,499,332
310,n04023962,n04023962_42351,"[[71, 26, 267, 475]]",71,26,267,475
311,n04023962,n04023962_4833,"[[98, 14, 386, 590]]",98,14,386,590
312,n04023962,n04023962_7945,"[[162, 68, 226, 356]]",162,68,226,356
313,n04023962,n04023962_6874,"[[29, 23, 354, 448]]",29,23,354,448
314,n04023962,n04023962_5981,"[[357, 5, 480, 374]]",357,5,480,374
315,n04023962,n04023962_2622,"[[447, 0, 928, 930], [6, 158, 443, 732]]",447,0,928,930
316,n04023962,n04023962_7648,"[[66, 0, 177, 300]]",66,0,177,300
317,n04023962,n04023962_10027,"[[299, 0, 467, 265]]",299,0,467,265
318,n04023962,n04023962_52205,"[[186, 27, 289, 188]]",186,27,289,188
319,n04023962,n04023962_1327,"[[321, 1, 405, 346]]",321,1,405,346
320,n04023962,n04023962_593,"[[5, 0, 152, 340]]",5,0,152,340
321,n04023962,n04023962_6833,"[[93, 159, 190, 294]]",93,159,190,294
322,n04023962,n04023962_8712,"[[0, 0, 84, 154]]",0,0,84,154
323,n04023962,n04023962_2560,"[[98, 0, 159, 134], [5, 0, 67, 134]]",98,0,159,134
324,n04023962,n04023962_17096,"[[78, 0, 224, 493]]",78,0,224,493
325,n04023962,n04023962_12111,"[[0, 0, 62, 371]]",0,0,62,371
326,n04023962,n04023962_7555,"[[18, 69, 126, 384]]",18,69,126,384
327,n04023962,n04023962_2316,"[[0, 0, 238, 280]]",0,0,238,280
328,n04023962,n04023962_2853,"[[131, 0, 369, 334]]",131,0,369,334
329,n04023962,n04023962_2102,"[[26, 57, 200, 421]]",26,57,200,421
330,n04023962,n04023962_917,"[[233, 135, 282, 310]]",233,135,282,310
331,n04023962,n04023962_21399,"[[257, 231, 335, 365]]",257,231,335,365
332,n04023962,n04023962_8661,"[[7, 0, 144, 318]]",7,0,144,318
333,n04023962,n04023962_4493,"[[420, 1, 499, 308]]",420,1,499,308
334,n04023962,n04023962_4487,"[[1, 0, 133, 498]]",1,0,133,498
335,n04023962,n04023962_6854,"[[81, 95, 177, 370]]",81,95,177,370
336,n04023962,n04023962_2869,"[[0, 0, 226, 273]]",0,0,226,273
337,n04023962,n04023962_6314,"[[82, 80, 516, 766]]",82,80,516,766
338,n04023962,n04023962_8763,"[[107, 82, 214, 222]]",107,82,214,222
339,n04023962,n04023962_14085,"[[5, 0, 172, 330]]",5,0,172,330
340,n04023962,n04023962_6576,"[[107, 38, 186, 184]]",107,38,186,184
341,n04023962,n04023962_32432,"[[278, 1, 450, 334]]",278,1,450,334
342,n04023962,n04023962_1324,"[[0, 18, 162, 327]]",0,18,162,327
343,n04023962,n04023962_1048,"[[386, 133, 468, 267]]",386,133,468,267
344,n04023962,n04023962_5810,"[[321, 0, 432, 260]]",321,0,432,260
345,n04023962,n04023962_17638,"[[345, 75, 497, 373]]",345,75,497,373
346,n04023962,n04023962_6430,"[[0, 0, 216, 243]]",0,0,216,243
347,n04023962,n04023962_39676,"[[211, 0, 369, 363]]",211,0,369,363
348,n04023962,n04023962_6647,"[[0, 0, 62, 270], [307, 84, 363, 263], [89, 36, 147, 268], [169, 65, 217, 266], [242, 118, 284, 262]]",0,0,62,270
349,n04023962,n04023962_15701,"[[122, 1, 261, 338]]",122,1,261,338
350,n04023962,n04023962_1489,"[[12, 50, 256, 946]]",12,50,256,946
351,n04023962,n04023962_20755,"[[322, 1, 377, 142]]",322,1,377,142
352,n04023962,n04023962_42421,"[[166, 8, 343, 491]]",166,8,343,491
353,n04023962,n04023962_2440,"[[59, 0, 145, 173]]",59,0,145,173
354,n04023962,n04023962_52480,"[[261, 0, 386, 138]]",261,0,386,138
355,n04023962,n04023962_12148,"[[52, 42, 146, 188]]",52,42,146,188
356,n04023962,n04023962_15858,"[[66, 0, 161, 331]]",66,0,161,331
357,n04023962,n04023962_39372,"[[96, 101, 196, 266]]",96,101,196,266
358,n04023962,n04023962_2356,"[[96, 217, 247, 498]]",96,217,247,498
359,n04023962,n04023962_13092,"[[105, 0, 256, 321]]",105,0,256,321
360,n04023962,n04023962_21149,"[[1, 1, 124, 325]]",1,1,124,325
361,n04023962,n04023962_20938,"[[320, 73, 405, 251]]",320,73,405,251
362,n04023962,n04023962_267,"[[337, 144, 399, 219]]",337,144,399,219
363,n04023962,n04023962_7558,"[[359, 50, 446, 166]]",359,50,446,166
364,n04023962,n04023962_18941,"[[61, 0, 233, 497]]",61,0,233,497
365,n04023962,n04023962_46827,"[[354, 0, 499, 352]]",354,0,499,352
366,n04023962,n04023962_22287,"[[109, 3, 154, 131]]",109,3,154,131
367,n04023962,n04023962_9573,"[[30, 152, 225, 497]]",30,152,225,497
368,n04023962,n04023962_14756,"[[229, 172, 313, 298]]",229,172,313,298
369,n04023962,n04023962_10805,"[[164, 111, 273, 455]]",164,111,273,455
370,n04023962,n04023962_33780,"[[359, 0, 499, 343]]",359,0,499,343
371,n04023962,n04023962_4233,"[[68, 183, 173, 487]]",68,183,173,487
372,n04023962,n04023962_5933,"[[213, 70, 258, 142]]",213,70,258,142
373,n04023962,n04023962_22895,"[[45, 7, 195, 356]]",45,7,195,356
374,n04023962,n04023962_8166,"[[30, 8, 65, 63]]",30,8,65,63
375,n04023962,n04023962_32729,"[[91, 40, 223, 336]]",91,40,223,336
376,n04023962,n04023962_6059,"[[10, 2, 25, 49]]",10,2,25,49
377,n04023962,n04023962_5147,"[[276, 36, 490, 338]]",276,36,490,338
378,n04023962,n04023962_7096,"[[29, 5, 83, 159]]",29,5,83,159
379,n04023962,n04023962_47219,"[[91, 1, 462, 334]]",91,1,462,334
380,n04023962,n04023962_7040,"[[252, 0, 317, 224]]",252,0,317,224
381,n04023962,n04023962_11076,"[[78, 0, 195, 432]]",78,0,195,432
382,n04023962,n04023962_543,"[[237, 1, 370, 334]]",237,1,370,334
383,n04023962,n04023962_7159,"[[103, 15, 301, 356]]",103,15,301,356
384,n04023962,n04023962_4133,"[[20, 7, 169, 293]]",20,7,169,293
385,n04023962,n04023962_9515,"[[65, 135, 137, 270]]",65,135,137,270
386,n04023962,n04023962_9297,"[[312, 122, 365, 311]]",312,122,365,311
387,n04023962,n04023962_20421,"[[197, 28, 314, 308]]",197,28,314,308
388,n04023962,n04023962_10999,"[[23, 1, 163, 289]]",23,1,163,289
389,n04023962,n04023962_1093,"[[117, 104, 180, 156]]",117,104,180,156
390,n04023962,n04023962_19842,"[[326, 1, 495, 356]]",326,1,495,356
391,n04023962,n04023962_9073,"[[117, 108, 238, 311]]",117,108,238,311
392,n04023962,n04023962_12424,"[[13, 81, 179, 294]]",13,81,179,294
393,n04023962,n04023962_30722,"[[28, 0, 222, 353], [7, 70, 31, 213]]",28,0,222,353
394,n04023962,n04023962_10463,"[[271, 0, 416, 308]]",271,0,416,308
395,n04023962,n04023962_2357,"[[222, 160, 284, 358], [5, 37, 127, 345], [360, 2, 498, 335]]",222,160,284,358
396,n04023962,n04023962_6288,"[[38, 0, 104, 227]]",38,0,104,227
397,n04023962,n04023962_7722,"[[118, 26, 245, 197]]",118,26,245,197
398,n04023962,n04023962_9543,"[[3, 1, 266, 254]]",3,1,266,254
399,n04023962,n04023962_6019,"[[10, 11, 184, 279]]",10,11,184,279
400,n04023962,n04023962_7381,"[[52, 6, 125, 199]]",52,6,125,199
401,n04023962,n04023962_11297,"[[307, 58, 458, 347]]",307,58,458,347
402,n04023962,n04023962_10030,"[[67, 53, 286, 403]]",67,53,286,403
403,n04023962,n04023962_17673,"[[174, 2, 315, 372]]",174,2,315,372
404,n04023962,n04023962_18602,"[[22, 2, 205, 367]]",22,2,205,367
405,n04023962,n04023962_15544,"[[21, 132, 173, 498]]",21,132,173,498
406,n04023962,n04023962_13175,"[[0, 0, 331, 498]]",0,0,331,498
407,n04023962,n04023962_9159,"[[336, 1, 499, 374]]",336,1,499,374
408,n04023962,n04023962_19126,"[[229, 58, 289, 413]]",229,58,289,413
409,n04023962,n04023962_11951,"[[0, 37, 271, 332]]",0,37,271,332
410,n04023962,n04023962_6241,"[[0, 110, 77, 197]]",0,110,77,197
411,n04023962,n04023962_701,"[[262, 0, 391, 356]]",262,0,391,356
412,n04023962,n04023962_6813,"[[88, 123, 275, 498]]",88,123,275,498
413,n04023962,n04023962_8206,"[[62, 131, 227, 370]]",62,131,227,370
414,n04023962,n04023962_18197,"[[60, 0, 176, 447]]",60,0,176,447
415,n04023962,n04023962_1337,"[[21, 14, 136, 203]]",21,14,136,203
416,n04023962,n04023962_9667,"[[88, 112, 251, 269]]",88,112,251,269
417,n04023962,n04023962_17151,"[[178, 0, 304, 363]]",178,0,304,363
418,n04023962,n04023962_21484,"[[210, 3, 343, 337]]",210,3,343,337
419,n04023962,n04023962_6355,"[[112, 0, 256, 298]]",112,0,256,298
420,n04023962,n04023962_8128,"[[44, 93, 161, 374]]",44,93,161,374
421,n04023962,n04023962_4206,"[[233, 134, 282, 308]]",233,134,282,308
422,n04023962,n04023962_9774,"[[128, 16, 219, 265]]",128,16,219,265
423,n04023962,n04023962_1163,"[[0, 0, 67, 199]]",0,0,67,199
424,n04023962,n04023962_6239,"[[278, 31, 411, 372]]",278,31,411,372
425,n04023962,n04023962_7138,"[[1, 0, 126, 371]]",1,0,126,371
426,n04023962,n04023962_3252,"[[33, 48, 199, 374]]",33,48,199,374
427,n04023962,n04023962_9655,"[[207, 102, 280, 236]]",207,102,280,236
428,n04023962,n04023962_118,"[[198, 185, 302, 366]]",198,185,302,366
429,n04023962,n04023962_5156,"[[276, 0, 499, 332]]",276,0,499,332
430,n04023962,n04023962_6154,"[[160, 31, 276, 249]]",160,31,276,249
431,n04023962,n04023962_7261,"[[37, 1, 289, 504]]",37,1,289,504
432,n04023962,n04023962_1437,"[[97, 84, 377, 372]]",97,84,377,372
433,n04023962,n04023962_1132,"[[210, 8, 345, 374]]",210,8,345,374
434,n04023962,n04023962_10732,"[[141, 80, 245, 348]]",141,80,245,348
435,n04023962,n04023962_51319,"[[244, 0, 457, 358]]",244,0,457,358
436,n04023962,n04023962_6591,"[[137, 1, 169, 181]]",137,1,169,181
437,n04023962,n04023962_27087,"[[155, 115, 205, 354]]",155,115,205,354
438,n04023962,n04023962_21583,"[[251, 113, 304, 233]]",251,113,304,233
439,n04023962,n04023962_8330,"[[45, 137, 260, 466]]",45,137,260,466
440,n04023962,n04023962_18048,"[[169, 0, 278, 266]]",169,0,278,266
441,n04023962,n04023962_14363,"[[188, 115, 293, 373]]",188,115,293,373
442,n04023962,n04023962_15732,"[[42, 0, 182, 332]]",42,0,182,332
443,n04023962,n04023962_15324,"[[266, 0, 401, 264]]",266,0,401,264
444,n04023962,n04023962_6783,"[[36, 158, 130, 416]]",36,158,130,416
445,n04023962,n04023962_15417,"[[287, 5, 484, 299]]",287,5,484,299
446,n04023962,n04023962_7535,"[[84, 3, 136, 264]]",84,3,136,264
447,n04023962,n04023962_20344,"[[0, 0, 332, 498]]",0,0,332,498
448,n04023962,n04023962_3321,"[[120, 96, 175, 350]]",120,96,175,350
449,n04023962,n04023962_14216,"[[22, 1, 185, 337]]",22,1,185,337
450,n04023962,n04023962_4464,"[[63, 6, 291, 485]]",63,6,291,485
451,n04023962,n04023962_3006,"[[42, 102, 140, 202]]",42,102,140,202
452,n04023962,n04023962_11460,"[[68, 95, 305, 477]]",68,95,305,477
453,n04023962,n04023962_9811,"[[194, 0, 300, 447]]",194,0,300,447
454,n04023962,n04023962_2212,"[[258, 111, 308, 216]]",258,111,308,216
455,n04023962,n04023962_10244,"[[252, 10, 504, 478]]",252,10,504,478
456,n04023962,n04023962_9838,"[[0, 103, 136, 270]]",0,103,136,270
457,n04023962,n04023962_8476,"[[119, 0, 193, 199]]",119,0,193,199
458,n04023962,n04023962_22712,"[[76, 7, 241, 497]]",76,7,241,497
459,n04023962,n04023962_1823,"[[173, 145, 322, 414]]",173,145,322,414
460,n04023962,n04023962_13498,"[[214, 33, 499, 242]]",214,33,499,242
461,n04023962,n04023962_3019,"[[22, 87, 141, 332]]",22,87,141,332
462,n04023962,n04023962_6226,"[[111, 6, 271, 311]]",111,6,271,311
463,n04023962,n04023962_8949,"[[35, 1, 96, 242]]",35,1,96,242
464,n04023962,n04023962_7963,"[[186, 123, 250, 403]]",186,123,250,403
465,n04023962,n04023962_6757,"[[263, 155, 327, 308]]",263,155,327,308
466,n04023962,n04023962_7822,"[[6, 37, 224, 380]]",6,37,224,380
467,n04023962,n04023962_16880,"[[92, 64, 182, 183]]",92,64,182,183
468,n04023962,n04023962_2639,"[[55, 46, 292, 380]]",55,46,292,380
469,n04023962,n04023962_9371,"[[115, 21, 273, 471]]",115,21,273,471
470,n04023962,n04023962_19250,"[[151, 32, 320, 263]]",151,32,320,263
471,n04023962,n04023962_2333,"[[342, 0, 499, 223]]",342,0,499,223
472,n04023962,n04023962_3436,"[[66, 135, 172, 408], [213, 127, 261, 365]]",66,135,172,408
473,n04023962,n04023962_873,"[[118, 3, 285, 347]]",118,3,285,347
474,n04023962,n04023962_7707,"[[55, 49, 190, 436]]",55,49,190,436
475,n04023962,n04023962_8653,"[[23, 232, 194, 374]]",23,232,194,374
476,n04023962,n04023962_566,"[[172, 78, 271, 425]]",172,78,271,425
477,n04023962,n04023962_10562,"[[277, 72, 311, 135]]",277,72,311,135
478,n04023962,n04023962_18187,"[[31, 0, 237, 141]]",31,0,237,141
479,n04023962,n04023962_3395,"[[146, 141, 223, 361]]",146,141,223,361
480,n04023962,n04023962_8564,"[[81, 78, 225, 290]]",81,78,225,290
481,n04023962,n04023962_7565,"[[3, 122, 107, 203]]",3,122,107,203
482,n04023962,n04023962_12432,"[[202, 0, 336, 349]]",202,0,336,349
483,n04023962,n04023962_14322,"[[280, 1, 362, 170]]",280,1,362,170
484,n04023962,n04023962_18587,"[[271, 0, 390, 269]]",271,0,390,269
485,n04023962,n04023962_46802,"[[288, 0, 499, 356]]",288,0,499,356
486,n04023962,n04023962_15238,"[[33, 85, 91, 288]]",33,85,91,288
487,n04023962,n04023962_7251,"[[190, 33, 300, 307]]",190,33,300,307
488,n04023962,n04023962_18495,"[[23, 0, 131, 420]]",23,0,131,420
489,n04023962,n04023962_7650,"[[82, 0, 204, 240]]",82,0,204,240
490,n04023962,n04023962_6551,"[[197, 115, 333, 456]]",197,115,333,456
491,n04023962,n04023962_7629,"[[131, 206, 237, 480]]",131,206,237,480
492,n04023962,n04023962_6955,"[[58, 3, 209, 491]]",58,3,209,491
493,n04023962,n04023962_51095,"[[346, 26, 484, 164]]",346,26,484,164
494,n04023962,n04023962_9891,"[[35, 8, 87, 114]]",35,8,87,114
495,n04023962,n04023962_16254,"[[121, 0, 255, 400]]",121,0,255,400
496,n04023962,n04023962_20606,"[[71, 26, 232, 470], [197, 5, 331, 498]]",71,26,232,470
497,n04023962,n04023962_8307,"[[227, 0, 414, 374]]",227,0,414,374
498,n04023962,n04023962_19651,"[[133, 0, 224, 334]]",133,0,224,334
499,n04023962,n04023962_75,"[[14, 0, 499, 332]]",14,0,499,332
500,n04023962,n04023962_7580,"[[399, 318, 557, 474], [430, 5, 469, 147], [29, 101, 178, 374]]",399,318,557,474
501,n04023962,n04023962_16606,"[[410, 4, 494, 317]]",410,4,494,317
502,n04023962,n04023962_1311,"[[16, 0, 62, 59]]",16,0,62,59
503,n04023962,n04023962_12527,"[[6, 49, 113, 374]]",6,49,113,374
504,n04023962,n04023962_20234,"[[353, 1, 498, 392]]",353,1,498,392
505,n04023962,n04023962_6868,"[[70, 95, 200, 432]]",70,95,200,432
506,n04023962,n04023962_7408,"[[136, 37, 221, 129]]",136,37,221,129
507,n04023962,n04023962_20497,"[[96, 103, 266, 463]]",96,103,266,463
508,n04023962,n04023962_14410,"[[142, 0, 276, 236]]",142,0,276,236
509,n04023962,n04023962_3705,"[[80, 0, 175, 377]]",80,0,175,377
510,n04023962,n04023962_21754,"[[126, 17, 250, 165]]",126,17,250,165
511,n04023962,n04023962_8102,"[[10, 0, 54, 83]]",10,0,54,83
512,n04023962,n04023962_9065,"[[398, 0, 592, 396]]",398,0,592,396
513,n04023962,n04023962_9059,"[[87, 43, 106, 69]]",87,43,106,69
514,n04023962,n04023962_6377,"[[41, 16, 285, 498]]",41,16,285,498
515,n04023962,n04023962_18285,"[[5, 28, 191, 498]]",5,28,191,498
516,n04023962,n04023962_20786,"[[8, 96, 62, 152]]",8,96,62,152
517,n04023962,n04023962_4809,"[[146, 47, 230, 226]]",146,47,230,226
518,n04023962,n04023962_32154,"[[159, 0, 271, 363]]",159,0,271,363
519,n04023962,n04023962_21004,"[[241, 141, 415, 374]]",241,141,415,374
520,n04023962,n04023962_7921,"[[2, 76, 252, 498]]",2,76,252,498
521,n04023962,n04023962_2746,"[[36, 7, 89, 99]]",36,7,89,99
522,n04023962,n04023962_12434,"[[8, 0, 170, 482]]",8,0,170,482
523,n04023962,n04023962_6150,"[[33, 49, 214, 232]]",33,49,214,232
524,n04023962,n04023962_7644,"[[131, 58, 225, 285]]",131,58,225,285
525,n04023962,n04023962_6111,"[[78, 456, 436, 1087]]",78,456,436,1087
526,n04023962,n04023962_15978,"[[232, 0, 336, 160]]",232,0,336,160
527,n04023962,n04023962_16758,"[[68, 1, 414, 374]]",68,1,414,374
528,n04023962,n04023962_14110,"[[46, 0, 200, 374]]",46,0,200,374
529,n04023962,n04023962_13058,"[[0, 61, 120, 374]]",0,61,120,374
530,n04023962,n04023962_9117,"[[188, 107, 499, 338]]",188,107,499,338
531,n04023962,n04023962_2503,"[[58, 12, 100, 154]]",58,12,100,154
532,n04023962,n04023962_11778,"[[363, 2, 489, 290]]",363,2,489,290
533,n04023962,n04023962_22884,"[[32, 0, 282, 498]]",32,0,282,498
534,n04023962,n04023962_16710,"[[227, 0, 499, 374]]",227,0,499,374
535,n04023962,n04023962_29340,"[[217, 127, 306, 348]]",217,127,306,348
536,n04023962,n04023962_39180,"[[83, 112, 135, 210]]",83,112,135,210
537,n04023962,n04023962_2698,"[[0, 2, 90, 336]]",0,2,90,336
538,n04023962,n04023962_2753,"[[100, 0, 332, 750]]",100,0,332,750
539,n04023962,n04023962_22027,"[[0, 22, 172, 498]]",0,22,172,498
540,n04023962,n04023962_2032,"[[88, 1, 209, 360]]",88,1,209,360
541,n04023962,n04023962_3189,"[[309, 0, 499, 340]]",309,0,499,340
542,n04023962,n04023962_6615,"[[182, 155, 317, 458]]",182,155,317,458
543,n04023962,n04023962_15738,"[[343, 19, 479, 315]]",343,19,479,315
544,n04023962,n04023962_20986,"[[312, 173, 409, 374]]",312,173,409,374
545,n04023962,n04023962_22652,"[[90, 96, 228, 498]]",90,96,228,498
546,n04023962,n04023962_5760,"[[272, 75, 383, 207]]",272,75,383,207
547,n04023962,n04023962_11073,"[[285, 16, 396, 288], [451, 39, 499, 244]]",285,16,396,288
548,n04023962,n04023962_8284,"[[264, 27, 461, 290]]",264,27,461,290
549,n04023962,n04023962_8327,"[[327, 2, 539, 348]]",327,2,539,348
550,n04023962,n04023962_8378,"[[163, 43, 304, 374]]",163,43,304,374
551,n04023962,n04023962_16169,"[[35, 0, 150, 497]]",35,0,150,497
552,n04023962,n04023962_35074,"[[21, 9, 108, 162]]",21,9,108,162
553,n04023962,n04023962_14300,"[[6, 0, 304, 498]]",6,0,304,498
554,n04023962,n04023962_11965,"[[92, 2, 235, 338]]",92,2,235,338
555,n04023962,n04023962_30257,"[[126, 0, 239, 343]]",126,0,239,343
556,n04023962,n04023962_5986,"[[87, 7, 172, 136], [7, 36, 82, 136]]",87,7,172,136
557,n04023962,n04023962_22138,"[[156, 6, 206, 123]]",156,6,206,123
558,n04023962,n04023962_22682,"[[273, 137, 317, 264]]",273,137,317,264
559,n04023962,n04023962_20782,"[[184, 2, 252, 190]]",184,2,252,190
560,n04023962,n04023962_11674,"[[187, 68, 215, 150], [254, 60, 281, 157]]",187,68,215,150
561,n04023962,n04023962_6390,"[[122, 0, 230, 246]]",122,0,230,246
562,n04023962,n04023962_3696,"[[0, 88, 499, 294]]",0,88,499,294
563,n04023962,n04023962_13249,"[[99, 0, 384, 374]]",99,0,384,374
564,n04023962,n04023962_3468,"[[274, 10, 363, 277]]",274,10,363,277
565,n04023962,n04023962_14630,"[[212, 1, 373, 497]]",212,1,373,497
566,n04023962,n04023962_10752,"[[278, 3, 396, 374]]",278,3,396,374
567,n04023962,n04023962_43198,"[[399, 81, 497, 366]]",399,81,497,366
568,n04023962,n04023962_18630,"[[22, 1, 116, 222]]",22,1,116,222
569,n04023962,n04023962_6267,"[[18, 93, 126, 497]]",18,93,126,497
570,n04023962,n04023962_2610,"[[167, 88, 234, 168]]",167,88,234,168
571,n04023962,n04023962_1232,"[[232, 0, 314, 259]]",232,0,314,259
572,n04023962,n04023962_15299,"[[60, 0, 184, 214]]",60,0,184,214
573,n04023962,n04023962_384,"[[0, 315, 373, 498]]",0,315,373,498
574,n04023962,n04023962_22570,"[[76, 26, 264, 498]]",76,26,264,498
575,n04023962,n04023962_6152,"[[285, 0, 499, 374]]",285,0,499,374
576,n04023962,n04023962_15883,"[[0, 0, 174, 324]]",0,0,174,324
577,n04023962,n04023962_3646,"[[80, 1, 194, 301]]",80,1,194,301
578,n04023962,n04023962_6401,"[[2, 8, 130, 206], [173, 54, 270, 272], [103, 39, 206, 254]]",2,8,130,206
579,n04023962,n04023962_14498,"[[58, 1, 121, 260]]",58,1,121,260
580,n04023962,n04023962_40788,"[[170, 0, 288, 328]]",170,0,288,328
581,n04023962,n04023962_8329,"[[16, 42, 262, 374]]",16,42,262,374
582,n04023962,n04023962_6341,"[[147, 46, 373, 497]]",147,46,373,497
583,n04023962,n04023962_7530,"[[0, 165, 54, 326]]",0,165,54,326
584,n04023962,n04023962_15702,"[[204, 20, 246, 133], [293, 14, 369, 308], [137, 72, 193, 235]]",204,20,246,133
585,n04023962,n04023962_1690,"[[112, 0, 284, 310]]",112,0,284,310
586,n12144580,n12144580_5329,"[[215, 8, 464, 363], [29, 135, 293, 283]]",215,8,464,363
587,n12144580,n12144580_29838,"[[147, 166, 252, 377]]",147,166,252,377
588,n12144580,n12144580_1622,"[[0, 3, 499, 374]]",0,3,499,374
589,n12144580,n12144580_3725,"[[107, 142, 145, 273]]",107,142,145,273
590,n12144580,n12144580_35335,"[[0, 4, 499, 331]]",0,4,499,331
591,n12144580,n12144580_5065,"[[2, 1, 499, 285]]",2,1,499,285
592,n12144580,n12144580_4887,"[[348, 247, 455, 321], [330, 59, 453, 150]]",348,247,455,321
593,n12144580,n12144580_13268,"[[115, 204, 176, 300]]",115,204,176,300
594,n12144580,n12144580_49,"[[63, 54, 175, 263]]",63,54,175,263
595,n12144580,n12144580_40363,"[[44, 45, 236, 138], [125, 162, 237, 240]]",44,45,236,138
596,n12144580,n12144580_2029,"[[160, 189, 229, 408]]",160,189,229,408
597,n12144580,n12144580_1599,"[[227, 54, 360, 264]]",227,54,360,264
598,n12144580,n12144580_20113,"[[0, 128, 252, 336]]",0,128,252,336
599,n12144580,n12144580_1715,"[[141, 90, 318, 201]]",141,90,318,201
600,n12144580,n12144580_48052,"[[90, 39, 199, 142]]",90,39,199,142
601,n12144580,n12144580_35425,"[[108, 73, 328, 329]]",108,73,328,329
602,n12144580,n12144580_50641,"[[170, 137, 197, 162], [201, 162, 220, 183], [201, 133, 223, 153], [175, 158, 201, 183], [150, 137, 166, 156]]",170,137,197,162
603,n12144580,n12144580_50076,"[[239, 35, 277, 188], [99, 7, 146, 169], [56, 16, 98, 158]]",239,35,277,188
604,n12144580,n12144580_4733,"[[318, 17, 498, 193]]",318,17,498,193
605,n12144580,n12144580_45150,"[[65, 1, 228, 102], [230, 0, 298, 102], [0, 0, 57, 102]]",65,1,228,102
606,n12144580,n12144580_4691,"[[0, 0, 710, 340]]",0,0,710,340
607,n12144580,n12144580_3648,"[[0, 0, 372, 498]]",0,0,372,498
608,n12144580,n12144580_10170,"[[190, 193, 242, 218]]",190,193,242,218
609,n12144580,n12144580_46605,"[[119, 370, 341, 442]]",119,370,341,442
610,n12144580,n12144580_2880,"[[10, 115, 180, 408]]",10,115,180,408
611,n12144580,n12144580_18055,"[[220, 35, 303, 227], [347, 245, 498, 344], [393, 237, 499, 295]]",220,35,303,227
612,n12144580,n12144580_41617,"[[1, 1, 459, 318]]",1,1,459,318
613,n12144580,n12144580_4202,"[[0, 24, 499, 373]]",0,24,499,373
614,n12144580,n12144580_5309,"[[193, 75, 320, 320]]",193,75,320,320
615,n12144580,n12144580_4626,"[[7, 0, 95, 75]]",7,0,95,75
616,n12144580,n12144580_5980,"[[23, 17, 186, 119]]",23,17,186,119
617,n12144580,n12144580_20226,"[[0, 104, 236, 203]]",0,104,236,203
618,n12144580,n12144580_207,"[[77, 111, 191, 175]]",77,111,191,175
619,n12144580,n12144580_4069,"[[32, 185, 277, 426]]",32,185,277,426
620,n12144580,n12144580_2967,"[[82, 398, 176, 428]]",82,398,176,428
621,n12144580,n12144580_4837,"[[2, 22, 313, 374]]",2,22,313,374
622,n12144580,n12144580_13023,"[[81, 101, 259, 256]]",81,101,259,256
623,n12144580,n12144580_5647,"[[1, 0, 351, 281]]",1,0,351,281
624,n12144580,n12144580_50141,"[[3, 0, 236, 300]]",3,0,236,300
625,n12144580,n12144580_4567,"[[214, 37, 305, 200]]",214,37,305,200
626,n12144580,n12144580_2775,"[[244, 139, 354, 351], [201, 129, 314, 321]]",244,139,354,351
627,n12144580,n12144580_17848,"[[1, 1, 498, 492]]",1,1,498,492
628,n12144580,n12144580_17329,"[[19, 8, 499, 374]]",19,8,499,374
629,n12144580,n12144580_2710,"[[145, 147, 226, 366]]",145,147,226,366
630,n12144580,n12144580_8270,"[[101, 22, 210, 385]]",101,22,210,385
631,n12144580,n12144580_8041,"[[256, 116, 402, 200]]",256,116,402,200
632,n12144580,n12144580_29148,"[[61, 0, 497, 333]]",61,0,497,333
633,n12144580,n12144580_48647,"[[39, 34, 59, 84], [56, 30, 75, 78]]",39,34,59,84
634,n12144580,n12144580_2394,"[[42, 0, 201, 69], [183, 59, 235, 173], [260, 108, 350, 212], [240, 251, 366, 294], [410, 115, 445, 228]]",42,0,201,69
635,n12144580,n12144580_19321,"[[159, 120, 240, 243], [218, 119, 299, 248]]",159,120,240,243
636,n12144580,n12144580_27670,"[[156, 99, 368, 303]]",156,99,368,303
637,n12144580,n12144580_48763,"[[0, 1, 449, 301]]",0,1,449,301
638,n12144580,n12144580_5776,"[[3, 0, 162, 109]]",3,0,162,109
639,n12144580,n12144580_29753,"[[154, 42, 164, 56], [117, 39, 329, 223]]",154,42,164,56
640,n12144580,n12144580_14007,"[[97, 10, 265, 426]]",97,10,265,426
641,n12144580,n12144580_14317,"[[188, 104, 378, 311], [213, 2, 321, 216]]",188,104,378,311
642,n12144580,n12144580_12487,"[[47, 257, 105, 314]]",47,257,105,314
643,n12144580,n12144580_45415,"[[2, 2, 373, 497]]",2,2,373,497
644,n12144580,n12144580_38051,"[[9, 0, 287, 229]]",9,0,287,229
645,n12144580,n12144580_14263,"[[225, 83, 390, 166], [213, 28, 467, 128], [216, 53, 415, 148]]",225,83,390,166
646,n12144580,n12144580_41460,"[[0, 1, 188, 241]]",0,1,188,241
647,n12144580,n12144580_3581,"[[1, 0, 222, 352], [220, 1, 404, 373]]",1,0,222,352
648,n12144580,n12144580_4084,"[[188, 52, 431, 241]]",188,52,431,241
649,n12144580,n12144580_18305,"[[55, 0, 470, 374]]",55,0,470,374
650,n12144580,n12144580_33584,"[[61, 27, 460, 294]]",61,27,460,294
651,n12144580,n12144580_21879,"[[1, 0, 190, 131], [125, 0, 499, 310]]",1,0,190,131
652,n12144580,n12144580_7474,"[[204, 90, 431, 310]]",204,90,431,310
653,n12144580,n12144580_16840,"[[0, 2, 499, 363]]",0,2,499,363
654,n12144580,n12144580_15802,"[[0, 1, 499, 332]]",0,1,499,332
655,n12144580,n12144580_1514,"[[77, 0, 499, 116]]",77,0,499,116
656,n12144580,n12144580_1480,"[[200, 303, 325, 401]]",200,303,325,401
657,n12144580,n12144580_16926,"[[12, 16, 98, 291]]",12,16,98,291
658,n12144580,n12144580_18430,"[[3, 1, 119, 117]]",3,1,119,117
659,n12144580,n12144580_12394,"[[259, 139, 326, 201]]",259,139,326,201
660,n12144580,n12144580_964,"[[51, 165, 271, 254]]",51,165,271,254
661,n12144580,n12144580_4516,"[[178, 111, 309, 211]]",178,111,309,211
662,n12144580,n12144580_3357,"[[80, 270, 305, 345]]",80,270,305,345
663,n12144580,n12144580_27161,"[[353, 105, 476, 201]]",353,105,476,201
664,n12144580,n12144580_4492,"[[1, 15, 199, 96]]",1,15,199,96
665,n12144580,n12144580_3008,"[[0, 89, 231, 228]]",0,89,231,228
666,n12144580,n12144580_3149,"[[1, 0, 258, 498]]",1,0,258,498
667,n12144580,n12144580_8792,"[[0, 2, 499, 374]]",0,2,499,374
668,n12144580,n12144580_4491,"[[0, 60, 499, 249]]",0,60,499,249
669,n12144580,n12144580_11785,"[[307, 142, 375, 267]]",307,142,375,267
670,n12144580,n12144580_3420,"[[152, 157, 495, 244]]",152,157,495,244
671,n12144580,n12144580_50099,"[[11, 99, 167, 173], [83, 49, 171, 86], [1, 0, 77, 29], [0, 103, 117, 157], [4, 10, 127, 66]]",11,99,167,173
672,n12144580,n12144580_596,"[[5, 0, 252, 308]]",5,0,252,308
673,n12144580,n12144580_43883,"[[218, 2, 327, 177]]",218,2,327,177
674,n12144580,n12144580_3672,"[[15, 10, 245, 252]]",15,10,245,252
675,n12144580,n12144580_45647,"[[291, 98, 331, 149]]",291,98,331,149
676,n12144580,n12144580_4070,"[[173, 123, 340, 492]]",173,123,340,492
677,n12144580,n12144580_29286,"[[0, 0, 298, 223]]",0,0,298,223
678,n12144580,n12144580_3328,"[[0, 50, 498, 309]]",0,50,498,309
679,n12144580,n12144580_11764,"[[118, 111, 306, 443]]",118,111,306,443
680,n12144580,n12144580_48583,"[[0, 2, 215, 214]]",0,2,215,214
681,n12144580,n12144580_285,"[[172, 40, 495, 227]]",172,40,495,227
682,n12144580,n12144580_48236,"[[62, 94, 256, 150]]",62,94,256,150
683,n12144580,n12144580_16104,"[[138, 1, 468, 313]]",138,1,468,313
684,n12144580,n12144580_33991,"[[264, 53, 332, 240]]",264,53,332,240
685,n12144580,n12144580_680,"[[72, 0, 289, 498]]",72,0,289,498
686,n12144580,n12144580_7432,"[[279, 61, 317, 169]]",279,61,317,169
687,n12144580,n12144580_7552,"[[169, 143, 278, 219]]",169,143,278,219
688,n12144580,n12144580_21459,"[[0, 0, 499, 334]]",0,0,499,334
689,n12144580,n12144580_6520,"[[1, 1, 497, 447]]",1,1,497,447
690,n12144580,n12144580_43950,"[[91, 210, 355, 322]]",91,210,355,322
691,n12144580,n12144580_13164,"[[194, 170, 360, 266], [64, 159, 189, 263], [440, 237, 492, 306]]",194,170,360,266
692,n12144580,n12144580_17732,"[[341, 129, 429, 179], [261, 12, 301, 86]]",341,129,429,179
693,n12144580,n12144580_16514,"[[0, 0, 504, 176]]",0,0,504,176
694,n12144580,n12144580_6604,"[[70, 60, 407, 158], [0, 153, 178, 264]]",70,60,407,158
695,n12144580,n12144580_18266,"[[6, 15, 355, 498]]",6,15,355,498
696,n12144580,n12144580_4314,"[[5, 35, 364, 178]]",5,35,364,178
697,n12144580,n12144580_3727,"[[71, 0, 300, 170], [176, 290, 326, 428]]",71,0,300,170
698,n12144580,n12144580_6055,"[[15, 164, 490, 276]]",15,164,490,276
699,n12144580,n12144580_18516,"[[315, 46, 392, 332]]",315,46,392,332
700,n12144580,n12144580_18531,"[[268, 135, 289, 181]]",268,135,289,181
701,n12144580,n12144580_3010,"[[6, 0, 266, 262], [267, 8, 503, 251]]",6,0,266,262
702,n12144580,n12144580_4846,"[[0, 41, 441, 320]]",0,41,441,320
703,n12144580,n12144580_3252,"[[0, 0, 499, 350]]",0,0,499,350
704,n12144580,n12144580_11076,"[[0, 0, 99, 48], [0, 23, 99, 98]]",0,0,99,48
705,n12144580,n12144580_538,"[[38, 20, 491, 113]]",38,20,491,113
706,n12144580,n12144580_18369,"[[1, 2, 72, 69]]",1,2,72,69
707,n12144580,n12144580_18124,"[[217, 108, 423, 307]]",217,108,423,307
708,n12144580,n12144580_4759,"[[143, 19, 255, 332], [371, 249, 392, 270]]",143,19,255,332
709,n12144580,n12144580_41683,"[[0, 75, 30, 178], [49, 117, 152, 179], [9, 87, 69, 177]]",0,75,30,178
710,n12144580,n12144580_39003,"[[76, 73, 317, 266]]",76,73,317,266
711,n12144580,n12144580_37488,"[[0, 40, 499, 297]]",0,40,499,297
712,n12144580,n12144580_5584,"[[74, 30, 433, 265]]",74,30,433,265
713,n12144580,n12144580_17153,"[[141, 0, 499, 333]]",141,0,499,333
714,n12144580,n12144580_48662,"[[0, 1, 55, 134], [162, 28, 199, 131], [125, 8, 169, 132], [49, 2, 91, 132]]",0,1,55,134
715,n12144580,n12144580_16136,"[[20, 5, 493, 374]]",20,5,493,374
716,n12144580,n12144580_12948,"[[0, 53, 499, 332]]",0,53,499,332
717,n12144580,n12144580_17793,"[[132, 98, 472, 367], [49, 19, 358, 237]]",132,98,472,367
718,n12144580,n12144580_46649,"[[99, 113, 106, 122], [72, 47, 87, 60], [102, 101, 114, 109], [145, 55, 155, 65], [33, 110, 41, 117], [124, 121, 137, 133]]",99,113,106,122
719,n12144580,n12144580_657,"[[0, 1, 215, 498], [171, 0, 373, 498]]",0,1,215,498
720,n12144580,n12144580_33372,"[[0, 2, 373, 498]]",0,2,373,498
721,n12144580,n12144580_4542,"[[79, 132, 351, 277]]",79,132,351,277
722,n12144580,n12144580_8973,"[[19, 30, 498, 145]]",19,30,498,145
723,n12144580,n12144580_5803,"[[31, 189, 330, 346]]",31,189,330,346
724,n12144580,n12144580_20382,"[[93, 41, 229, 308]]",93,41,229,308
725,n12144580,n12144580_11662,"[[237, 36, 486, 118], [11, 32, 230, 116]]",237,36,486,118
726,n12144580,n12144580_3247,"[[38, 273, 181, 317]]",38,273,181,317
727,n12144580,n12144580_15151,"[[176, 7, 373, 467], [0, 93, 205, 498]]",176,7,373,467
728,n12144580,n12144580_49052,"[[19, 5, 243, 147]]",19,5,243,147
729,n12144580,n12144580_19761,"[[24, 65, 382, 293]]",24,65,382,293
730,n12144580,n12144580_2172,"[[208, 95, 322, 167]]",208,95,322,167
731,n12144580,n12144580_488,"[[32, 130, 450, 241]]",32,130,450,241
732,n12144580,n12144580_7447,"[[287, 184, 406, 307]]",287,184,406,307
733,n12144580,n12144580_8713,"[[2, 65, 375, 335]]",2,65,375,335
734,n12144580,n12144580_48293,"[[195, 114, 229, 150], [283, 90, 325, 114], [263, 126, 306, 167], [228, 180, 266, 217], [147, 48, 191, 90], [168, 176, 199, 212], [156, 135, 200, 161], [255, 50, 286, 89], [197, 90, 222, 115]]",195,114,229,150
735,n12144580,n12144580_12943,"[[157, 234, 436, 332]]",157,234,436,332
736,n12144580,n12144580_8609,"[[0, 94, 496, 374]]",0,94,496,374
737,n12144580,n12144580_2552,"[[1, 0, 498, 373]]",1,0,498,373
738,n12144580,n12144580_6687,"[[147, 199, 399, 266], [195, 8, 296, 60]]",147,199,399,266
739,n12144580,n12144580_10633,"[[37, 0, 499, 287]]",37,0,499,287
740,n12144580,n12144580_21751,"[[85, 75, 427, 417]]",85,75,427,417
741,n12144580,n12144580_12317,"[[0, 1, 174, 187], [148, 0, 363, 101]]",0,1,174,187
742,n12144580,n12144580_15081,"[[0, 120, 499, 287]]",0,120,499,287
743,n12144580,n12144580_11869,"[[148, 184, 325, 290]]",148,184,325,290
744,n12144580,n12144580_3664,"[[0, 136, 431, 297], [68, 35, 499, 184]]",0,136,431,297
745,n12144580,n12144580_6447,"[[73, 88, 499, 288]]",73,88,499,288
746,n12144580,n12144580_1196,"[[210, 76, 369, 389]]",210,76,369,389
747,n12144580,n12144580_18315,"[[212, 0, 465, 374], [0, 0, 215, 374], [466, 0, 499, 374]]",212,0,465,374
748,n12144580,n12144580_2499,"[[237, 0, 499, 374]]",237,0,499,374
749,n12144580,n12144580_7388,"[[57, 258, 336, 498]]",57,258,336,498
750,n12144580,n12144580_1874,"[[0, 59, 399, 259]]",0,59,399,259
751,n12144580,n12144580_5875,"[[85, 22, 933, 554]]",85,22,933,554
752,n12144580,n12144580_1578,"[[156, 226, 346, 321], [62, 200, 236, 352], [252, 24, 405, 137], [102, 26, 253, 115]]",156,226,346,321
753,n12144580,n12144580_47480,"[[0, 2, 499, 332]]",0,2,499,332
754,n12144580,n12144580_5636,"[[132, 189, 274, 249]]",132,189,274,249
755,n12144580,n12144580_4244,"[[0, 0, 499, 364]]",0,0,499,364
756,n12144580,n12144580_7260,"[[8, 346, 331, 498], [0, 40, 331, 397]]",8,346,331,498
757,n12144580,n12144580_15066,"[[100, 266, 308, 315]]",100,266,308,315
758,n12144580,n12144580_10273,"[[2, 35, 498, 283]]",2,35,498,283
759,n12144580,n12144580_3628,"[[10, 76, 372, 450], [0, 321, 176, 498], [0, 0, 252, 131]]",10,76,372,450
760,n12144580,n12144580_2590,"[[159, 48, 499, 259]]",159,48,499,259
761,n12144580,n12144580_6006,"[[36, 44, 123, 254]]",36,44,123,254
762,n12144580,n12144580_4392,"[[1, 0, 249, 164]]",1,0,249,164
763,n12144580,n12144580_39862,"[[174, 0, 362, 221]]",174,0,362,221
764,n12144580,n12144580_4977,"[[91, 356, 256, 466]]",91,356,256,466
765,n12144580,n12144580_3335,"[[0, 235, 181, 339], [1, 296, 163, 381]]",0,235,181,339
766,n12144580,n12144580_460,"[[0, 0, 179, 179]]",0,0,179,179
767,n12144580,n12144580_12409,"[[66, 0, 180, 266], [196, 325, 267, 365], [294, 106, 331, 162], [227, 282, 246, 303]]",66,0,180,266
768,n12144580,n12144580_14458,"[[182, 113, 289, 168]]",182,113,289,168
769,n12144580,n12144580_2056,"[[0, 102, 445, 341]]",0,102,445,341
770,n12144580,n12144580_44983,"[[0, 0, 199, 149]]",0,0,199,149
771,n12144580,n12144580_18558,"[[126, 150, 221, 203]]",126,150,221,203
772,n12144580,n12144580_40895,"[[0, 0, 224, 167]]",0,0,224,167
773,n12144580,n12144580_3023,"[[125, 127, 498, 225]]",125,127,498,225
774,n12144580,n12144580_2136,"[[0, 0, 499, 332]]",0,0,499,332
775,n12144580,n12144580_2068,"[[7, 55, 435, 498]]",7,55,435,498
776,n12144580,n12144580_1978,"[[231, 202, 266, 234]]",231,202,266,234
777,n12144580,n12144580_49176,"[[174, 18, 379, 478]]",174,18,379,478
778,n12144580,n12144580_37617,"[[166, 261, 204, 287], [364, 234, 385, 256]]",166,261,204,287
779,n12144580,n12144580_3988,"[[0, 0, 483, 372]]",0,0,483,372
780,n12144580,n12144580_15140,"[[90, 218, 155, 465]]",90,218,155,465
781,n12144580,n12144580_4648,"[[4, 9, 491, 487]]",4,9,491,487
782,n12144580,n12144580_19128,"[[2, 169, 414, 290], [138, 83, 446, 176]]",2,169,414,290
783,n12144580,n12144580_9623,"[[0, 125, 271, 451]]",0,125,271,451
784,n12144580,n12144580_15976,"[[0, 0, 499, 374]]",0,0,499,374
785,n12144580,n12144580_13809,"[[206, 207, 312, 278]]",206,207,312,278
786,n12144580,n12144580_11389,"[[188, 210, 482, 326]]",188,210,482,326
787,n12144580,n12144580_5152,"[[88, 241, 146, 318]]",88,241,146,318
788,n12144580,n12144580_16634,"[[0, 38, 499, 314]]",0,38,499,314
789,n12144580,n12144580_4878,"[[140, 312, 372, 470]]",140,312,372,470
790,n12144580,n12144580_4448,"[[36, 182, 210, 498]]",36,182,210,498
791,n12144580,n12144580_30698,"[[180, 1, 439, 284]]",180,1,439,284
792,n12144580,n12144580_4711,"[[79, 44, 444, 258]]",79,44,444,258
793,n12144580,n12144580_39293,"[[3, 6, 499, 332]]",3,6,499,332
794,n12144580,n12144580_16119,"[[2, 0, 381, 372], [348, 78, 499, 369], [0, 13, 196, 336]]",2,0,381,372
795,n12144580,n12144580_16482,"[[299, 41, 498, 331]]",299,41,498,331
796,n12144580,n12144580_4148,"[[200, 189, 249, 289]]",200,189,249,289
797,n12144580,n12144580_2575,"[[428, 126, 499, 311], [39, 138, 123, 325]]",428,126,499,311
798,n12144580,n12144580_5669,"[[68, 276, 293, 405]]",68,276,293,405
799,n12144580,n12144580_10853,"[[156, 167, 212, 274], [247, 168, 318, 276], [206, 170, 259, 225]]",156,167,212,274
800,n12144580,n12144580_41465,"[[29, 98, 51, 118], [35, 127, 59, 148], [25, 165, 38, 178]]",29,98,51,118
801,n12144580,n12144580_45362,"[[180, 103, 267, 315]]",180,103,267,315
802,n12144580,n12144580_48598,"[[71, 102, 87, 116], [50, 102, 60, 111], [100, 48, 110, 55], [98, 80, 111, 95], [45, 66, 61, 80], [34, 86, 51, 96], [105, 113, 113, 123], [55, 117, 66, 128]]",71,102,87,116
803,n12144580,n12144580_805,"[[1, 1, 273, 498]]",1,1,273,498
804,n12144580,n12144580_20376,"[[274, 108, 330, 202]]",274,108,330,202
805,n12144580,n12144580_12186,"[[1, 184, 499, 344]]",1,184,499,344
806,n12144580,n12144580_45418,"[[3, 1, 99, 65], [162, 143, 271, 222]]",3,1,99,65
807,n12144580,n12144580_15425,"[[267, 238, 477, 326], [236, 293, 413, 498]]",267,238,477,326
808,n12144580,n12144580_3189,"[[253, 72, 309, 239]]",253,72,309,239
809,n12144580,n12144580_5847,"[[44, 80, 232, 182]]",44,80,232,182
810,n12144580,n12144580_5048,"[[172, 176, 265, 265]]",172,176,265,265
811,n12144580,n12144580_14255,"[[14, 14, 87, 120]]",14,14,87,120
812,n12144580,n12144580_2930,"[[126, 383, 281, 447]]",126,383,281,447
813,n12144580,n12144580_1444,"[[8, 145, 320, 221]]",8,145,320,221
814,n12144580,n12144580_4582,"[[113, 63, 226, 470]]",113,63,226,470
815,n12144580,n12144580_42698,"[[0, 0, 244, 498]]",0,0,244,498
816,n12144580,n12144580_26588,"[[145, 212, 202, 323]]",145,212,202,323
817,n12144580,n12144580_5265,"[[184, 166, 414, 294]]",184,166,414,294
818,n12144580,n12144580_9553,"[[142, 135, 327, 195]]",142,135,327,195
819,n12144580,n12144580_5536,"[[106, 36, 386, 306]]",106,36,386,306
820,n12144580,n12144580_3604,"[[127, 185, 416, 351], [88, 72, 374, 164], [101, 127, 392, 274]]",127,185,416,351
821,n12144580,n12144580_1404,"[[3, 95, 499, 266], [0, 44, 484, 134], [0, 0, 275, 47], [0, 232, 499, 374]]",3,95,499,266
822,n12144580,n12144580_9438,"[[0, 197, 275, 441]]",0,197,275,441
823,n12144580,n12144580_2638,"[[153, 72, 202, 119]]",153,72,202,119
824,n12144580,n12144580_22834,"[[55, 22, 420, 323]]",55,22,420,323
825,n12144580,n12144580_26167,"[[50, 54, 417, 374]]",50,54,417,374
826,n12144580,n12144580_47888,"[[161, 18, 220, 56]]",161,18,220,56
827,n12144580,n12144580_6985,"[[46, 132, 499, 376]]",46,132,499,376
828,n12144580,n12144580_1205,"[[435, 89, 485, 142], [440, 69, 486, 95]]",435,89,485,142
829,n12144580,n12144580_9364,"[[328, 278, 411, 354], [310, 37, 368, 98], [88, 0, 154, 51], [0, 8, 499, 374]]",328,278,411,354
830,n12144580,n12144580_2344,"[[29, 278, 387, 373]]",29,278,387,373
831,n12144580,n12144580_14033,"[[0, 66, 310, 167], [55, 0, 100, 46]]",0,66,310,167
832,n12144580,n12144580_306,"[[213, 142, 280, 205]]",213,142,280,205
833,n12144580,n12144580_2976,"[[0, 85, 483, 284]]",0,85,483,284
834,n12144580,n12144580_4068,"[[104, 137, 311, 249]]",104,137,311,249
835,n12144580,n12144580_14252,"[[229, 163, 397, 408], [12, 94, 154, 418]]",229,163,397,408
836,n12144580,n12144580_30869,"[[2, 1, 448, 374]]",2,1,448,374
837,n12144580,n12144580_571,"[[252, 183, 311, 236]]",252,183,311,236
838,n12144580,n12144580_4532,"[[0, 5, 299, 214]]",0,5,299,214
839,n12144580,n12144580_348,"[[226, 203, 318, 299]]",226,203,318,299
840,n12144580,n12144580_16229,"[[4, 6, 459, 279]]",4,6,459,279
841,n12144580,n12144580_2971,"[[0, 0, 417, 498]]",0,0,417,498
842,n12144580,n12144580_1759,"[[13, 5, 377, 327]]",13,5,377,327
843,n12144580,n12144580_47922,"[[215, 192, 327, 430]]",215,192,327,430
844,n12144580,n12144580_45773,"[[212, 239, 282, 300], [35, 89, 87, 130], [213, 118, 263, 162], [101, 73, 138, 114], [131, 256, 211, 306]]",212,239,282,300
845,n12144580,n12144580_7952,"[[2, 1, 498, 289]]",2,1,498,289
846,n12144580,n12144580_300,"[[92, 8, 200, 222], [0, 31, 115, 222], [175, 0, 286, 221]]",92,8,200,222
847,n12144580,n12144580_7804,"[[0, 3, 499, 374]]",0,3,499,374
848,n12144580,n12144580_16960,"[[55, 122, 325, 373]]",55,122,325,373
849,n12144580,n12144580_4483,"[[0, 0, 499, 353]]",0,0,499,353
850,n12144580,n12144580_12913,"[[55, 129, 203, 193]]",55,129,203,193
851,n12144580,n12144580_2831,"[[14, 50, 451, 332]]",14,50,451,332
852,n12144580,n12144580_54,"[[0, 0, 203, 167]]",0,0,203,167
853,n12144580,n12144580_4520,"[[1, 2, 349, 229]]",1,2,349,229
854,n12144580,n12144580_4669,"[[215, 211, 361, 408]]",215,211,361,408
855,n12144580,n12144580_4422,"[[318, 0, 499, 280], [13, 0, 225, 280], [188, 0, 375, 280]]",318,0,499,280
856,n12144580,n12144580_5485,"[[1, 63, 498, 395]]",1,63,498,395
857,n12144580,n12144580_2514,"[[113, 182, 309, 239]]",113,182,309,239
858,n12144580,n12144580_13516,"[[1, 1, 497, 374]]",1,1,497,374
859,n12144580,n12144580_1107,"[[3, 0, 274, 143]]",3,0,274,143
860,n12144580,n12144580_11696,"[[0, 92, 351, 246]]",0,92,351,246
861,n12144580,n12144580_5713,"[[110, 145, 202, 176]]",110,145,202,176
862,n12144580,n12144580_375,"[[76, 201, 173, 278]]",76,201,173,278
863,n12144580,n12144580_4126,"[[137, 120, 499, 371]]",137,120,499,371
864,n12144580,n12144580_2285,"[[182, 236, 347, 290]]",182,236,347,290
865,n12144580,n12144580_17946,"[[185, 78, 355, 277]]",185,78,355,277
866,n12144580,n12144580_20016,"[[20, 171, 499, 325]]",20,171,499,325
867,n12144580,n12144580_2979,"[[311, 105, 326, 119], [290, 214, 309, 228], [75, 71, 249, 290], [239, 70, 344, 320]]",311,105,326,119
868,n12144580,n12144580_11956,"[[42, 90, 462, 242], [2, 181, 485, 339]]",42,90,462,242
869,n12144580,n12144580_245,"[[129, 179, 301, 233]]",129,179,301,233
870,n12144580,n12144580_5210,"[[33, 26, 82, 113]]",33,26,82,113
871,n12144580,n12144580_17610,"[[0, 1, 499, 318]]",0,1,499,318
872,n12144580,n12144580_45042,"[[281, 127, 407, 238]]",281,127,407,238
873,n12144580,n12144580_48167,"[[26, 0, 248, 412]]",26,0,248,412
874,n12144580,n12144580_4097,"[[0, 1, 499, 333]]",0,1,499,333
875,n12144580,n12144580_22749,"[[115, 169, 351, 284]]",115,169,351,284
876,n12144580,n12144580_48668,"[[6, 33, 187, 175]]",6,33,187,175
877,n12144580,n12144580_4618,"[[0, 0, 498, 331]]",0,0,498,331
878,n12144580,n12144580_14531,"[[51, 159, 429, 254]]",51,159,429,254
879,n12144580,n12144580_5511,"[[1, 40, 499, 299], [0, 0, 490, 233]]",1,40,499,299
880,n12144580,n12144580_2951,"[[25, 133, 484, 222]]",25,133,484,222
881,n12144580,n12144580_4562,"[[1, 35, 476, 350]]",1,35,476,350
882,n12144580,n12144580_16462,"[[158, 196, 288, 356]]",158,196,288,356
883,n12144580,n12144580_37588,"[[46, 0, 499, 225]]",46,0,499,225
884,n12144580,n12144580_4852,"[[0, 0, 499, 374]]",0,0,499,374
885,n12144580,n12144580_5336,"[[222, 158, 296, 213]]",222,158,296,213
886,n12144580,n12144580_3753,"[[13, 29, 89, 76]]",13,29,89,76
887,n12144580,n12144580_31358,"[[0, 17, 313, 268]]",0,17,313,268
888,n12144580,n12144580_29007,"[[14, 0, 245, 187]]",14,0,245,187
889,n12144580,n12144580_12415,"[[25, 0, 211, 402]]",25,0,211,402
890,n12144580,n12144580_2845,"[[173, 37, 337, 391]]",173,37,337,391
891,n12144580,n12144580_3801,"[[23, 54, 443, 311]]",23,54,443,311
892,n12144580,n12144580_1350,"[[85, 310, 225, 487]]",85,310,225,487
893,n12144580,n12144580_1410,"[[23, 23, 216, 250]]",23,23,216,250
894,n12144580,n12144580_39695,"[[113, 136, 242, 181]]",113,136,242,181
895,n12144580,n12144580_11769,"[[2, 0, 196, 498], [186, 3, 428, 498]]",2,0,196,498
896,n12144580,n12144580_3947,"[[151, 71, 223, 223]]",151,71,223,223
897,n12144580,n12144580_1841,"[[62, 199, 320, 278]]",62,199,320,278
898,n12144580,n12144580_49178,"[[186, 10, 312, 448], [25, 1, 173, 448]]",186,10,312,448
899,n12144580,n12144580_22985,"[[16, 82, 302, 462]]",16,82,302,462
900,n12144580,n12144580_44810,"[[191, 57, 319, 402]]",191,57,319,402
901,n12144580,n12144580_893,"[[123, 50, 235, 199]]",123,50,235,199
902,n12144580,n12144580_5932,"[[0, 0, 498, 297]]",0,0,498,297
903,n12144580,n12144580_5664,"[[200, 35, 497, 374], [17, 109, 290, 363]]",200,35,497,374
904,n12144580,n12144580_989,"[[0, 1, 499, 344]]",0,1,499,344
905,n12144580,n12144580_1473,"[[305, 130, 470, 374]]",305,130,470,374
906,n12144580,n12144580_8329,"[[4, 5, 437, 375], [340, 232, 431, 301], [305, 0, 498, 271]]",4,5,437,375
907,n12144580,n12144580_16897,"[[35, 0, 224, 395]]",35,0,224,395
908,n12144580,n12144580_16641,"[[76, 104, 217, 158]]",76,104,217,158
909,n12144580,n12144580_14203,"[[269, 169, 488, 321], [332, 253, 352, 280], [365, 288, 390, 308]]",269,169,488,321
910,n12144580,n12144580_663,"[[325, 36, 422, 355]]",325,36,422,355
911,n12144580,n12144580_19683,"[[182, 169, 304, 288]]",182,169,304,288
912,n12144580,n12144580_17008,"[[230, 82, 288, 117], [245, 128, 303, 166], [238, 112, 296, 143], [217, 123, 238, 146]]",230,82,288,117
913,n12144580,n12144580_3915,"[[0, 0, 399, 399]]",0,0,399,399
914,n12144580,n12144580_4001,"[[0, 5, 122, 503]]",0,5,122,503
915,n12144580,n12144580_39967,"[[4, 74, 499, 374]]",4,74,499,374
916,n12144580,n12144580_9216,"[[0, 0, 199, 299]]",0,0,199,299
917,n12144580,n12144580_12048,"[[12, 52, 108, 134]]",12,52,108,134
918,n12144580,n12144580_5417,"[[65, 99, 132, 432]]",65,99,132,432
919,n12144580,n12144580_47218,"[[81, 291, 333, 377], [206, 290, 358, 343]]",81,291,333,377
920,n12144580,n12144580_12001,"[[100, 248, 418, 339]]",100,248,418,339
921,n12144580,n12144580_10998,"[[331, 65, 443, 491]]",331,65,443,491
922,n12144580,n12144580_14610,"[[0, 138, 331, 496], [61, 92, 330, 251]]",0,138,331,496
923,n12144580,n12144580_12189,"[[53, 27, 221, 337]]",53,27,221,337
924,n12144580,n12144580_46135,"[[147, 1, 386, 224]]",147,1,386,224
925,n12144580,n12144580_9246,"[[165, 307, 285, 374], [333, 95, 410, 128], [217, 181, 295, 227], [2, 94, 499, 374]]",165,307,285,374
926,n12144580,n12144580_15725,"[[25, 65, 333, 142]]",25,65,333,142
927,n12144580,n12144580_8132,"[[132, 165, 255, 247]]",132,165,255,247
928,n12144580,n12144580_1856,"[[179, 84, 230, 125], [170, 13, 194, 37]]",179,84,230,125
929,n12144580,n12144580_39891,"[[35, 166, 254, 326]]",35,166,254,326
930,n12144580,n12144580_4150,"[[1, 44, 149, 111], [2, 27, 100, 83]]",1,44,149,111
931,n12144580,n12144580_15909,"[[157, 127, 338, 224]]",157,127,338,224
932,n12144580,n12144580_3831,"[[152, 125, 352, 233]]",152,125,352,233
933,n12144580,n12144580_14114,"[[0, 0, 499, 254]]",0,0,499,254
934,n12144580,n12144580_7189,"[[367, 68, 490, 182], [347, 182, 492, 332]]",367,68,490,182
935,n12144580,n12144580_2891,"[[96, 247, 464, 369]]",96,247,464,369
936,n12144580,n12144580_19832,"[[1, 1, 498, 498]]",1,1,498,498
937,n12144580,n12144580_29844,"[[0, 1, 373, 498]]",0,1,373,498
938,n12144580,n12144580_3389,"[[248, 215, 304, 297]]",248,215,304,297
939,n12144580,n12144580_3141,"[[0, 47, 493, 335]]",0,47,493,335
940,n12144580,n12144580_4969,"[[122, 0, 499, 374], [0, 123, 366, 374]]",122,0,499,374
941,n12144580,n12144580_5051,"[[10, 60, 257, 215]]",10,60,257,215
942,n12144580,n12144580_6381,"[[0, 20, 499, 373]]",0,20,499,373
943,n12144580,n12144580_27138,"[[1, 0, 499, 373]]",1,0,499,373
944,n12144580,n12144580_5597,"[[136, 22, 498, 374]]",136,22,498,374
945,n12144580,n12144580_10063,"[[0, 122, 373, 498]]",0,122,373,498
946,n12144580,n12144580_17708,"[[71, 164, 404, 269], [43, 124, 371, 220], [16, 77, 354, 158]]",71,164,404,269
947,n12144580,n12144580_34769,"[[108, 1, 177, 176]]",108,1,177,176
948,n12144580,n12144580_6888,"[[237, 127, 458, 245]]",237,127,458,245
949,n12144580,n12144580_11515,"[[51, 0, 277, 443]]",51,0,277,443
950,n12144580,n12144580_7551,"[[144, 131, 290, 237]]",144,131,290,237
951,n12144580,n12144580_4666,"[[15, 135, 481, 329]]",15,135,481,329
952,n12144580,n12144580_25593,"[[82, 191, 295, 270]]",82,191,295,270
953,n12144580,n12144580_30849,"[[118, 129, 186, 227], [0, 67, 97, 126]]",118,129,186,227
954,n12144580,n12144580_4384,"[[79, 254, 274, 351]]",79,254,274,351
955,n12144580,n12144580_45226,"[[179, 76, 305, 199], [281, 94, 379, 233], [104, 20, 213, 95], [237, 1, 335, 124]]",179,76,305,199
956,n12144580,n12144580_34181,"[[77, 161, 379, 305]]",77,161,379,305
957,n12144580,n12144580_1218,"[[47, 43, 381, 210]]",47,43,381,210
958,n12144580,n12144580_1699,"[[79, 185, 331, 332]]",79,185,331,332
959,n12144580,n12144580_8751,"[[65, 17, 499, 386], [0, 1, 135, 185]]",65,17,499,386
960,n12144580,n12144580_5531,"[[217, 73, 384, 195]]",217,73,384,195
961,n12144580,n12144580_13237,"[[65, 20, 404, 332]]",65,20,404,332
962,n12144580,n12144580_2097,"[[20, 6, 298, 164]]",20,6,298,164
963,n12144580,n12144580_12755,"[[45, 22, 407, 109], [27, 129, 411, 226]]",45,22,407,109
964,n12144580,n12144580_3386,"[[0, 25, 395, 343]]",0,25,395,343
965,n12144580,n12144580_4780,"[[48, 62, 225, 169]]",48,62,225,169
966,n12144580,n12144580_5045,"[[113, 39, 177, 90]]",113,39,177,90
967,n12144580,n12144580_8770,"[[26, 71, 221, 199], [75, 39, 279, 152]]",26,71,221,199
968,n12144580,n12144580_38441,"[[0, 100, 349, 171]]",0,100,349,171
969,n12144580,n12144580_16440,"[[0, 139, 420, 276]]",0,139,420,276
970,n12144580,n12144580_5887,"[[65, 22, 277, 161]]",65,22,277,161
971,n12144580,n12144580_4642,"[[46, 65, 432, 363], [62, 14, 499, 247]]",46,65,432,363
972,n12144580,n12144580_8815,"[[277, 26, 493, 247]]",277,26,493,247
973,n12144580,n12144580_10717,"[[116, 29, 329, 282]]",116,29,329,282
974,n12144580,n12144580_64,"[[20, 16, 149, 267]]",20,16,149,267
975,n12144580,n12144580_4495,"[[0, 2, 499, 374]]",0,2,499,374
976,n12144580,n12144580_18749,"[[206, 97, 249, 263]]",206,97,249,263
977,n12144580,n12144580_17024,"[[0, 69, 370, 282]]",0,69,370,282
978,n12144580,n12144580_49190,"[[0, 0, 187, 253]]",0,0,187,253
979,n12144580,n12144580_756,"[[0, 17, 138, 189]]",0,17,138,189
980,n12144580,n12144580_5632,"[[40, 361, 263, 428], [50, 343, 243, 362]]",40,361,263,428
981,n12144580,n12144580_497,"[[181, 99, 454, 399]]",181,99,454,399
982,n12144580,n12144580_1030,"[[105, 1, 499, 374]]",105,1,499,374
983,n12144580,n12144580_3481,"[[163, 198, 252, 278]]",163,198,252,278
984,n12144580,n12144580_41555,"[[157, 0, 271, 274]]",157,0,271,274
985,n12144580,n12144580_43263,"[[24, 32, 499, 332]]",24,32,499,332
986,n12144580,n12144580_47769,"[[68, 44, 190, 266], [8, 57, 82, 266]]",68,44,190,266
987,n12144580,n12144580_49364,"[[92, 15, 134, 131], [53, 8, 95, 137]]",92,15,134,131
988,n12144580,n12144580_1613,"[[162, 98, 318, 271]]",162,98,318,271
989,n12144580,n12144580_11111,"[[2, 1, 499, 373]]",2,1,499,373
990,n12144580,n12144580_3095,"[[216, 24, 344, 307]]",216,24,344,307
991,n12144580,n12144580_11512,"[[0, 34, 499, 374]]",0,34,499,374
992,n12144580,n12144580_44062,"[[32, 94, 382, 331]]",32,94,382,331
993,n12144580,n12144580_11360,"[[1, 118, 499, 374], [0, 38, 390, 162]]",1,118,499,374
994,n12144580,n12144580_1293,"[[256, 141, 438, 279]]",256,141,438,279
995,n12144580,n12144580_11216,"[[23, 24, 99, 95]]",23,24,99,95
996,n12144580,n12144580_5644,"[[145, 146, 370, 213]]",145,146,370,213
997,n12144580,n12144580_15743,"[[0, 0, 499, 301]]",0,0,499,301
998,n12144580,n12144580_40933,"[[378, 149, 399, 171], [337, 140, 357, 159], [346, 97, 368, 117], [314, 94, 329, 112]]",378,149,399,171
999,n12144580,n12144580_45628,"[[0, 0, 88, 270], [114, 126, 132, 153], [161, 123, 182, 148], [190, 124, 209, 150], [139, 128, 157, 156]]",0,0,88,270
1000,n12144580,n12144580_47835,"[[0, 26, 239, 213], [33, 141, 68, 175], [121, 106, 153, 154], [72, 51, 105, 93]]",0,26,239,213
1001,n12144580,n12144580_16648,"[[0, 0, 335, 374], [422, 227, 483, 296], [125, 213, 218, 308], [30, 263, 145, 370], [66, 0, 499, 369]]",0,0,335,374
1002,n12144580,n12144580_5697,"[[0, 0, 351, 498]]",0,0,351,498
1003,n12144580,n12144580_37107,"[[1, 1, 299, 274]]",1,1,299,274
1004,n12144580,n12144580_5888,"[[0, 204, 434, 313]]",0,204,434,313
1005,n12144580,n12144580_11449,"[[0, 66, 479, 281]]",0,66,479,281
1006,n12144580,n12144580_3839,"[[176, 20, 499, 181]]",176,20,499,181
1007,n12144580,n12144580_30601,"[[201, 20, 395, 98]]",201,20,395,98
1008,n12144580,n12144580_15901,"[[87, 102, 499, 331], [1, 64, 380, 256]]",87,102,499,331
1009,n12144580,n12144580_3952,"[[5, 107, 270, 425], [215, 110, 299, 418]]",5,107,270,425
1010,n12144580,n12144580_45992,"[[151, 203, 334, 274]]",151,203,334,274
1011,n12144580,n12144580_38310,"[[41, 0, 144, 332], [283, 1, 439, 331], [181, 1, 280, 332], [390, 35, 499, 332]]",41,0,144,332
1012,n12144580,n12144580_6056,"[[90, 108, 423, 219]]",90,108,423,219
1013,n12144580,n12144580_3773,"[[92, 72, 169, 154], [0, 70, 88, 152], [177, 76, 262, 158]]",92,72,169,154
1014,n12144580,n12144580_43759,"[[3, 73, 496, 263]]",3,73,496,263
1015,n12144580,n12144580_637,"[[9, 0, 460, 358]]",9,0,460,358
1016,n12144580,n12144580_3586,"[[244, 96, 322, 378]]",244,96,322,378
1017,n12144580,n12144580_16437,"[[140, 200, 215, 287]]",140,200,215,287
1018,n12144580,n12144580_15987,"[[65, 133, 491, 303], [50, 72, 383, 184], [65, 124, 377, 220]]",65,133,491,303
1019,n12144580,n12144580_8452,"[[78, 191, 488, 467]]",78,191,488,467
1020,n12144580,n12144580_1373,"[[207, 212, 297, 267]]",207,212,297,267
1021,n12144580,n12144580_6265,"[[64, 231, 425, 330]]",64,231,425,330
1022,n12144580,n12144580_5222,"[[1, 2, 499, 378]]",1,2,499,378
1023,n12144580,n12144580_6453,"[[169, 0, 338, 330], [356, 1, 499, 330], [0, 0, 122, 330]]",169,0,338,330
1024,n12144580,n12144580_922,"[[28, 24, 191, 126]]",28,24,191,126
1025,n12144580,n12144580_48889,"[[41, 167, 321, 387]]",41,167,321,387
1026,n12144580,n12144580_5337,"[[239, 219, 273, 251], [45, 12, 444, 333]]",239,219,273,251
1027,n12144580,n12144580_2847,"[[12, 1, 332, 498]]",12,1,332,498
1028,n12144580,n12144580_13111,"[[0, 0, 310, 498]]",0,0,310,498
1029,n12144580,n12144580_11371,"[[226, 95, 363, 171]]",226,95,363,171
1030,n12144580,n12144580_9218,"[[320, 157, 430, 311]]",320,157,430,311
1031,n12144580,n12144580_49267,"[[180, 10, 329, 399], [2, 2, 180, 399]]",180,10,329,399
1032,n12144580,n12144580_4006,"[[0, 202, 498, 374]]",0,202,498,374
1033,n12144580,n12144580_29305,"[[206, 1, 337, 277]]",206,1,337,277
1034,n12144580,n12144580_20014,"[[217, 0, 498, 496]]",217,0,498,496
1035,n12144580,n12144580_16448,"[[205, 27, 261, 156]]",205,27,261,156
1036,n12144580,n12144580_32819,"[[0, 29, 499, 277]]",0,29,499,277
1037,n12144580,n12144580_5962,"[[0, 0, 498, 373]]",0,0,498,373
1038,n12144580,n12144580_14100,"[[1, 60, 417, 271]]",1,60,417,271
1039,n12144580,n12144580_1850,"[[30, 201, 258, 315]]",30,201,258,315
1040,n12144580,n12144580_3953,"[[26, 15, 257, 245]]",26,15,257,245
1041,n12144580,n12144580_1523,"[[169, 1, 365, 458], [4, 6, 155, 456], [377, 1, 495, 461]]",169,1,365,458
1042,n12144580,n12144580_4134,"[[0, 0, 496, 356]]",0,0,496,356
1043,n12144580,n12144580_45515,"[[135, 15, 177, 146]]",135,15,177,146
1044,n12144580,n12144580_1728,"[[76, 52, 499, 332]]",76,52,499,332
1045,n12144580,n12144580_40013,"[[3, 1, 331, 498]]",3,1,331,498
1046,n12144580,n12144580_27512,"[[7, 86, 480, 326]]",7,86,480,326
1047,n12144580,n12144580_50243,"[[22, 6, 523, 130]]",22,6,523,130
1048,n12144580,n12144580_39870,"[[6, 3, 296, 224]]",6,3,296,224
1049,n12144580,n12144580_13851,"[[55, 131, 310, 323], [17, 167, 221, 452], [131, 115, 213, 155]]",55,131,310,323
1050,n12144580,n12144580_1119,"[[239, 97, 286, 188]]",239,97,286,188
1051,n12144580,n12144580_7997,"[[1, 39, 498, 251]]",1,39,498,251
1052,n12144580,n12144580_48728,"[[1, 23, 199, 149]]",1,23,199,149
1053,n12144580,n12144580_43715,"[[115, 0, 399, 267]]",115,0,399,267
1054,n12144580,n12144580_30606,"[[63, 43, 499, 323]]",63,43,499,323
1055,n12144580,n12144580_2546,"[[13, 95, 249, 247]]",13,95,249,247
1056,n12144580,n12144580_20184,"[[0, 0, 498, 385]]",0,0,498,385
1057,n12144580,n12144580_4557,"[[84, 114, 385, 212]]",84,114,385,212
1058,n12144580,n12144580_13373,"[[41, 48, 448, 335]]",41,48,448,335
1059,n12144580,n12144580_4851,"[[56, 194, 301, 278]]",56,194,301,278
1060,n12144580,n12144580_49530,"[[59, 99, 83, 126], [48, 168, 75, 189], [0, 69, 24, 93]]",59,99,83,126
1061,n12144580,n12144580_6033,"[[156, 170, 308, 358], [7, 172, 155, 366]]",156,170,308,358
1062,n12144580,n12144580_4647,"[[80, 102, 499, 324]]",80,102,499,324
1063,n12144580,n12144580_14110,"[[46, 6, 285, 238]]",46,6,285,238
1064,n12144580,n12144580_32031,"[[1, 0, 299, 199]]",1,0,299,199
1065,n12144580,n12144580_2750,"[[186, 46, 336, 107]]",186,46,336,107
1066,n12144580,n12144580_1470,"[[138, 0, 497, 121]]",138,0,497,121
1067,n12144580,n12144580_11204,"[[148, 131, 332, 331]]",148,131,332,331
1068,n12144580,n12144580_9821,"[[312, 149, 356, 222], [179, 164, 240, 242], [421, 81, 461, 141], [53, 57, 499, 260]]",312,149,356,222
1069,n12144580,n12144580_4877,"[[32, 192, 83, 220]]",32,192,83,220
1070,n12144580,n12144580_18401,"[[139, 155, 349, 259], [291, 121, 487, 201], [188, 146, 405, 245]]",139,155,349,259
