,filename,Percentile value of 90 %,Percentile value of 75 %
0,n12144580_989,[0.5582485198974609],[0.4395568370819092]
1,n04023962_10027,[0.6977753043174744],[0.4154934287071228]
2,n04023962_10030,[0.8144904375076294],[0.7003026008605957]
3,n04023962_10108,[0.7236526608467102],[0.5259314775466919]
4,n04023962_10130,[0.7880799770355225],[0.656535267829895]
5,n04023962_10140,[0.8454720377922058],[0.5459145903587341]
6,n04023962_10183,[0.7048636078834534],[0.5570067763328552]
7,n04023962_10199,[0.6481606960296631],[0.47096067667007446]
8,n04023962_10244,[0.6239454746246338],[0.452691912651062]
9,n04023962_10303,[0.5028854608535767],[0.42332470417022705]
10,n04023962_10304,[0.8796509504318237],[0.7994086891412735]
11,n04023962_10405,[0.7792881727218628],[0.7156984806060791]
12,n04023962_10463,[0.8791584968566895],[0.6947271227836609]
13,n04023962_1048,[0.8913850784301758],[0.8898943662643433]
14,n04023962_10518,[0.966044545173645],[0.902359127998352]
15,n04023962_10542,[0.9356038570404053],[0.7858989238739014]
16,n04023962_10562,[0.7856430411338806],[0.6839945316314697]
17,n04023962_10577,[0.3615298867225647],[0.3257843255996704]
18,n04023962_10666,[0.5296040177345276],[0.4419308304786682]
19,n04023962_10682,[0.62982177734375],[0.5449615716934204]
20,n04023962_10732,[0.8400611877441406],[0.80351722240448]
21,n04023962_10752,[0.7942891120910645],[0.6850359439849854]
22,n04023962_10805,[0.6819868683815002],[0.6038644909858704]
23,n04023962_10910,[0.929680585861206],[0.8364091515541077]
24,n04023962_10919,[0.990817129611969],[0.9559115767478943]
25,n04023962_1093,[0.8601692318916321],[0.8601691722869873]
26,n04023962_10999,[0.8439673781394958],[0.6742368340492249]
27,n04023962_11073,[0.6078563928604126],[0.504436194896698]
28,n04023962_11076,[0.5770793557167053],[0.4247126579284668]
29,n04023962_1116,[0.7907663583755493],[0.7095438241958618]
30,n04023962_11210,[0.5526473522186279],[0.513859212398529]
31,n04023962_11276,[0.8735485672950745],[0.8512693643569946]
32,n04023962_11297,[0.7605730891227722],[0.5535057783126831]
33,n04023962_1132,[0.6378700137138367],[0.45463937520980835]
34,n04023962_11348,[0.7109471559524536],[0.6013982892036438]
35,n04023962_11460,[0.6215177178382874],[0.45108938217163086]
36,n04023962_1153,[0.8767374157905579],[0.5464980602264404]
37,n04023962_1163,[0.3931663930416107],[0.3340466618537903]
38,n04023962_11674,[0.6218382716178894],[0.5285148620605469]
39,n04023962_11675,[0.8014805316925049],[0.6764577627182007]
40,n04023962_1175,[0.47611263394355774],[0.40508195757865906]
41,n04023962_11778,[0.7640194892883301],[0.5351977944374084]
42,n04023962_11795,[0.7734799385070801],[0.68402099609375]
43,n04023962_118,[0.7278980612754822],[0.5835458040237427]
44,n04023962_11951,[0.7139464616775513],[0.4732130169868469]
45,n04023962_11965,[0.7972474098205566],[0.6525417566299438]
46,n04023962_12095,[0.7723451256752014],[0.6448123455047607]
47,n04023962_12108,[0.5671876668930054],[0.5001423358917236]
48,n04023962_12111,[0.17249339818954468],[0.1420501172542572]
49,n04023962_12148,[0.9452384114265442],[0.7994605898857117]
50,n04023962_1217,[0.77482670545578],[0.6577519178390503]
51,n04023962_1232,[0.9655860066413879],[0.8256364464759827]
52,n04023962_12424,[0.8118160367012024],[0.600007951259613]
53,n04023962_12432,[0.7262060046195984],[0.5379589796066284]
54,n04023962_12434,[0.762715756893158],[0.5744051337242126]
55,n04023962_12467,[0.7303335666656494],[0.5839139223098755]
56,n04023962_12492,[0.736636221408844],[0.5791627764701843]
57,n04023962_12496,[0.8636984825134277],[0.7219835519790649]
58,n04023962_12527,[0.5929206609725952],[0.41522079706192017]
59,n04023962_12548,[0.7246494889259338],[0.5427713990211487]
60,n04023962_12625,[0.910428524017334],[0.8257452845573425]
61,n04023962_1277,[0.5221554636955261],[0.3058548867702484]
62,n04023962_12984,[0.7922519445419312],[0.7344831824302673]
63,n04023962_13058,[0.39709967374801636],[0.28428736329078674]
64,n04023962_13092,[0.8677722215652466],[0.6856122016906738]
65,n04023962_1311,[0.6704395413398743],[0.5369700789451599]
66,n04023962_13175,[0.3769119083881378],[0.2965311110019684]
67,n04023962_13239,[0.968934178352356],[0.7889041304588318]
68,n04023962_1324,[0.6444661617279053],[0.3854045271873474]
69,n04023962_13249,[0.7399369478225708],[0.586320161819458]
70,n04023962_1327,[0.8729745149612427],[0.7533234357833862]
71,n04023962_13343,[0.805952250957489],[0.6733973622322083]
72,n04023962_1337,[0.4259415566921234],[0.25068584084510803]
73,n04023962_13495,[0.8078414797782898],[0.785252034664154]
74,n04023962_13498,[0.6894822120666504],[0.46431565284729004]
75,n04023962_13613,[0.903522789478302],[0.7086457014083862]
76,n04023962_13783,[0.7568058967590332],[0.5993576645851135]
77,n04023962_13979,[0.911566972732544],[0.8454410433769226]
78,n04023962_14085,[0.7560528516769409],[0.5205106735229492]
79,n04023962_14110,[0.6591041684150696],[0.5477880239486694]
80,n04023962_14166,[0.8243616223335266],[0.6166341304779053]
81,n04023962_14170,[0.46453940868377686],[0.35710933804512024]
82,n04023962_14195,[0.9322533011436462],[0.9286642670631409]
83,n04023962_14216,[0.7111208438873291],[0.5337827205657959]
84,n04023962_14286,[0.9926509261131287],[0.8842516541481018]
85,n04023962_14300,[0.6698624789714813],[0.44502705335617065]
86,n04023962_14322,[0.9324328899383545],[0.9179919362068176]
87,n04023962_14363,[0.8481767773628235],[0.7846863269805908]
88,n04023962_1437,[0.6424276828765869],[0.43797847628593445]
89,n04023962_14410,[0.26767316460609436],[0.22043171525001526]
90,n04023962_14421,[0.5698883533477783],[0.4139401614665985]
91,n04023962_14464,[0.6971456408500671],[0.4633740782737732]
92,n04023962_14498,[0.9115229249000549],[0.6194988638162613]
93,n04023962_14595,[0.7869153022766113],[0.5726505666971207]
94,n04023962_14630,[0.7310599088668823],[0.5758649110794067]
95,n04023962_14727,[0.4350159764289856],[0.3628179430961609]
96,n04023962_14756,[0.8660592436790466],[0.716753363609314]
97,n04023962_14865,[0.7122699618339539],[0.6026463508605957]
98,n04023962_1489,[0.6191161274909973],[0.44939613342285156]
99,n04023962_14943,[0.5346058011054993],[0.46901217103004456]
100,n04023962_14954,[0.564160168170929],[0.42071497440338135]
101,n04023962_14997,[0.6605370044708252],[0.4929530918598175]
102,n04023962_15133,[0.5734448432922363],[0.43962782621383667]
103,n04023962_15238,[0.9971182346343994],[0.8869650363922119]
104,n04023962_15299,[0.8846345543861389],[0.6690535545349121]
105,n04023962_15324,[0.7793151140213013],[0.562073290348053]
106,n04023962_15417,[0.5537590980529785],[0.36950504779815674]
107,n04023962_15496,[0.5445811748504639],[0.2838948369026184]
108,n04023962_15513,[0.5094530582427979],[0.35111203789711]
109,n04023962_15544,[0.7673147916793823],[0.6314226388931274]
110,n04023962_15613,[0.9341002702713013],[0.8228614330291748]
111,n04023962_15676,[0.6472265124320984],[0.5463133454322815]
112,n04023962_15701,[0.7697421312332153],[0.6022506952285767]
113,n04023962_15702,[0.7913824915885925],[0.6028477549552917]
114,n04023962_15732,[0.865277886390686],[0.6351593136787415]
115,n04023962_15738,[0.5529232025146484],[0.3851619064807892]
116,n04023962_1580,[0.8024774193763733],[0.6763142347335815]
117,n04023962_15801,[0.49295997619628906],[0.45888838171958923]
118,n04023962_1582,[0.7683836221694946],[0.5336387753486633]
119,n04023962_15856,[0.8226568698883057],[0.6036587953567505]
120,n04023962_15858,[0.9219187498092651],[0.732475757598877]
121,n04023962_15879,[0.7846594452857971],[0.6882593631744385]
122,n04023962_15883,[0.8483262062072754],[0.6994872093200684]
123,n04023962_15978,[0.8487602472305298],[0.5432801842689514]
124,n04023962_16004,[0.759802520275116],[0.6283606290817261]
125,n04023962_16117,[0.873274028301239],[0.7186722755432129]
126,n04023962_16165,[0.7701034545898438],[0.5315343141555786]
127,n04023962_16168,[0.7901098728179932],[0.6192930936813354]
128,n04023962_16169,[0.7396126985549927],[0.4934896230697632]
129,n04023962_16223,[0.7701998949050903],[0.6444867849349976]
130,n04023962_16254,[0.697917103767395],[0.4871889352798462]
131,n04023962_163,[0.6648557782173157],[0.6648557782173157]
132,n04023962_16469,[0.8392907381057739],[0.5702874064445496]
133,n04023962_16581,[0.727218508720398],[0.5352919697761536]
134,n04023962_16606,[0.5098525285720825],[0.42917120456695557]
135,n04023962_16710,[0.4502686858177185],[0.3421807289123535]
136,n04023962_16731,[0.7038002014160156],[0.5861392021179199]
137,n04023962_16758,[0.7401602268218994],[0.5823351740837097]
138,n04023962_16855,[0.40022027492523193],[0.27550992369651794]
139,n04023962_16859,[0.6524384617805481],[0.5867848992347717]
140,n04023962_16880,[0.8904770612716675],[0.8690464496612549]
141,n04023962_1690,[0.8242936134338379],[0.749355673789978]
142,n04023962_16937,[0.39072155952453613],[0.3602316975593567]
143,n04023962_17096,[0.6236156225204468],[0.48259782791137695]
144,n04023962_17151,[0.9217023849487305],[0.584856390953064]
145,n04023962_17210,[0.8147319555282593],[0.5216816067695618]
146,n04023962_17345,[0.7717815637588501],[0.6109290719032288]
147,n04023962_17395,[0.5593506097793579],[0.5284532904624939]
148,n04023962_17408,[0.6643596887588501],[0.40549224615097046]
149,n04023962_17435,[0.7709602117538452],[0.6073117256164551]
150,n04023962_17528,[0.7306116819381714],[0.537064790725708]
151,n04023962_17553,[0.8152757883071899],[0.6940667629241943]
152,n04023962_17564,[0.6095322370529175],[0.49996036291122437]
153,n04023962_17599,[0.7574582099914551],[0.614271879196167]
154,n04023962_17638,[0.8027716279029846],[0.6336325407028198]
155,n04023962_17673,[0.6057973504066467],[0.4238414168357849]
156,n04023962_17684,[0.7751579284667969],[0.640125572681427]
157,n04023962_17705,[0.970903754234314],[0.8510677814483643]
158,n04023962_18048,[0.8402339816093445],[0.7616864442825317]
159,n04023962_18187,[0.5983039736747742],[0.43740084767341614]
160,n04023962_18197,[0.7936673760414124],[0.6525478959083557]
161,n04023962_1823,[0.8273672461509705],[0.5921140909194946]
162,n04023962_18285,[0.7360273003578186],[0.5737639665603638]
163,n04023962_18315,[0.995830774307251],[0.9189983010292053]
164,n04023962_18431,[0.7507902383804321],[0.6098646521568298]
165,n04023962_18448,[0.571559488773346],[0.447357177734375]
166,n04023962_18495,[0.852745771408081],[0.7421573400497437]
167,n04023962_18563,[0.45620957016944885],[0.38220322132110596]
168,n04023962_18587,[0.7742389440536499],[0.6857506036758423]
169,n04023962_18602,[0.6633886098861694],[0.422438383102417]
170,n04023962_18630,[0.6363742351531982],[0.5127458572387695]
171,n04023962_18636,[0.4543520212173462],[0.283502995967865]
172,n04023962_18704,[0.7020209431648254],[0.4819759726524353]
173,n04023962_18733,[0.6864737868309021],[0.5651990175247192]
174,n04023962_18760,[0.5719128847122192],[0.42604008316993713]
175,n04023962_18939,[0.972446084022522],[0.8770503997802734]
176,n04023962_18941,[0.6936023235321045],[0.5070866942405701]
177,n04023962_19126,[0.9728237390518188],[0.9188097715377808]
178,n04023962_19214,[0.8884660005569458],[0.7906993627548218]
179,n04023962_1924,[0.8724074363708496],[0.7201558351516724]
180,n04023962_19250,[0.8579039573669434],[0.6682419776916504]
181,n04023962_19651,[0.7244629859924316],[0.4510846436023712]
182,n04023962_19770,[0.948369026184082],[0.720565676689148]
183,n04023962_19790,[0.7001890540122986],[0.3867487907409668]
184,n04023962_1981,[0.483256995677948],[0.42305904626846313]
185,n04023962_19833,[0.8812240362167358],[0.8812239766120911]
186,n04023962_19842,[0.8967042565345764],[0.6640414595603943]
187,n04023962_1992,[0.8780112266540527],[0.465056836605072]
188,n04023962_19957,[0.735405683517456],[0.6314992904663086]
189,n04023962_20126,[0.6351978778839111],[0.5322951674461365]
190,n04023962_20163,[0.5191330909729004],[0.39212754368782043]
191,n04023962_20230,[0.8615782260894775],[0.563389003276825]
192,n04023962_20234,[0.7907118797302246],[0.6468725800514221]
193,n04023962_2028,[0.72315514087677],[0.5881931185722351]
194,n04023962_2032,[0.8852085471153259],[0.6689268350601196]
195,n04023962_20344,[0.7874675393104553],[0.6564590334892273]
196,n04023962_20421,[0.8292790651321411],[0.716280460357666]
197,n04023962_20497,[0.7551887631416321],[0.48635417222976685]
198,n04023962_20606,[0.6944841742515564],[0.6238510608673096]
199,n04023962_20755,[0.35592666268348694],[0.3107047379016876]
200,n04023962_20769,[0.8426330089569092],[0.5964393615722656]
201,n04023962_20782,[0.8836267590522766],[0.7763776183128357]
202,n04023962_20786,[1.0],[0.7779295444488525]
203,n04023962_20790,[0.8580864667892456],[0.690804123878479]
204,n04023962_20821,[0.9226952195167542],[0.7119154334068298]
205,n04023962_20853,[0.8066765069961548],[0.46524253487586975]
206,n04023962_20883,[0.7526875734329224],[0.5695290565490723]
207,n04023962_20938,[0.3643004596233368],[0.2881997227668762]
208,n04023962_20986,[0.390540212392807],[0.34367266297340393]
209,n04023962_21004,[0.5370708107948303],[0.4204448461532593]
210,n04023962_21015,[0.6448155641555786],[0.47365236282348633]
211,n04023962_2102,[0.8299450874328613],[0.6829016804695129]
212,n04023962_21025,[0.8654975891113281],[0.7308954000473022]
213,n04023962_2111,[0.7056648135185242],[0.4939667880535126]
214,n04023962_21125,[0.5976438522338867],[0.44929489493370056]
215,n04023962_21149,[0.7701260447502136],[0.5323219895362854]
216,n04023962_21212,[0.8625338673591614],[0.696032702922821]
217,n04023962_21240,[0.8070871829986572],[0.6864948868751526]
218,n04023962_21292,[0.5738224387168884],[0.44447189569473267]
219,n04023962_21358,[0.8973569869995117],[0.7760802507400513]
220,n04023962_21363,[0.7199280858039856],[0.4955514669418335]
221,n04023962_21365,[0.7312604188919067],[0.5838765501976013]
222,n04023962_21399,[0.8622008562088013],[0.7650696635246277]
223,n04023962_21405,[0.8620877265930176],[0.7432014346122742]
224,n04023962_21424,[0.7131270170211792],[0.5752832293510437]
225,n04023962_21453,[0.8777153491973877],[0.5544975399971008]
226,n04023962_2148,[0.740179181098938],[0.4492349624633789]
227,n04023962_21484,[0.7244558334350586],[0.6349799633026123]
228,n04023962_21583,[1.0],[0.8869742751121521]
229,n04023962_21636,[0.7480841279029846],[0.5627962350845337]
230,n04023962_2164,[0.8875046372413635],[0.6676838397979736]
231,n04023962_21754,[0.8680589199066162],[0.6676152944564819]
232,n04023962_21805,[0.7011041045188904],[0.4645004868507385]
233,n04023962_21891,[0.8331319093704224],[0.6716794967651367]
234,n04023962_21934,[0.9552263021469116],[0.7917713522911072]
235,n04023962_21993,[0.6454794406890869],[0.37712761759757996]
236,n04023962_2201,[0.6550930142402649],[0.3986157774925232]
237,n04023962_22027,[0.586887776851654],[0.4733242392539978]
238,n04023962_2212,[0.6855233907699585],[0.4211609661579132]
239,n04023962_2213,[0.7534491419792175],[0.5751649737358093]
240,n04023962_22138,[0.8897707462310791],[0.7369434833526611]
241,n04023962_22196,[0.8071367740631104],[0.6472437381744385]
242,n04023962_22220,[0.5416780114173889],[0.41523534059524536]
243,n04023962_22261,[0.8269296288490295],[0.7289234399795532]
244,n04023962_22287,[0.2653191089630127],[0.24019157886505127]
245,n04023962_22374,[0.6605539321899414],[0.4424833357334137]
246,n04023962_22404,[0.5399352312088013],[0.46352845430374146]
247,n04023962_22424,[0.7910022139549255],[0.6707509756088257]
248,n04023962_22495,[0.3075009286403656],[0.22165372967720032]
249,n04023962_22570,[0.6279198527336121],[0.5078242421150208]
250,n04023962_22621,[0.8775992393493652],[0.7361056208610535]
251,n04023962_22652,[0.7748189568519592],[0.5469772815704346]
252,n04023962_22682,[1.0],[0.8683831691741943]
253,n04023962_22712,[0.7747795581817627],[0.5890238285064697]
254,n04023962_22781,[0.8835477828979492],[0.8447598218917847]
255,n04023962_22884,[0.6735023260116577],[0.5051919221878052]
256,n04023962_22895,[0.750907301902771],[0.5503531694412231]
257,n04023962_2292,[0.6061098575592041],[0.47586482763290405]
258,n04023962_22931,[0.9177910089492798],[0.716368556022644]
259,n04023962_22964,[0.5774855613708496],[0.4190407395362854]
260,n04023962_2316,[0.336378812789917],[0.28070199489593506]
261,n04023962_2317,[0.9256289005279541],[0.7712405323982239]
262,n04023962_2333,[0.8359401822090149],[0.73994380235672]
263,n04023962_2356,[0.7134774923324585],[0.5165562629699707]
264,n04023962_2357,[0.8167096972465515],[0.7425060272216797]
265,n04023962_2366,[0.4677490293979645],[0.27272072434425354]
266,n04023962_2440,[0.8528269529342651],[0.6854844093322754]
267,n04023962_2503,[0.7469027638435364],[0.5305657982826233]
268,n04023962_2510,[0.7239941358566284],[0.5703170299530029]
269,n04023962_2519,[0.7321720719337463],[0.48865921050310135]
270,n04023962_2541,[0.607192873954773],[0.48257917165756226]
271,n04023962_2560,[0.5594156980514526],[0.3904128074645996]
272,n04023962_2568,[0.6294926106929779],[0.48992058634757996]
273,n04023962_2602,[0.9983577728271484],[0.8532967567443848]
274,n04023962_2610,[0.736979603767395],[0.5818767547607422]
275,n04023962_2622,[0.769984245300293],[0.5444836020469666]
276,n04023962_2639,[0.6227273941040039],[0.4935738444328308]
277,n04023962_267,[0.6448188424110413],[0.6105906367301941]
278,n04023962_2676,[0.7551305294036865],[0.5295031666755676]
279,n04023962_2698,[0.5746998190879822],[0.4778022766113281]
280,n04023962_27087,[0.9360135793685913],[0.8852291107177734]
281,n04023962_2714,[0.5265030860900879],[0.44084280729293823]
282,n04023962_2719,[0.7239415645599365],[0.5784382820129395]
283,n04023962_2746,[0.6799964308738708],[0.5583431124687195]
284,n04023962_2753,[0.8222776651382446],[0.6282825469970703]
285,n04023962_2800,[0.741544246673584],[0.5406244397163391]
286,n04023962_2853,[0.60114985704422],[0.5029029846191406]
287,n04023962_2869,[0.6402087807655334],[0.4858882427215576]
288,n04023962_29340,[0.7974041700363159],[0.5080785751342773]
289,n04023962_29803,[0.7688931226730347],[0.537636935710907]
290,n04023962_3006,[0.7841606140136719],[0.5462822318077087]
291,n04023962_3019,[0.5435271859169006],[0.4548349976539612]
292,n04023962_3025,[0.5947884917259216],[0.4284196197986603]
293,n04023962_30257,[0.9195572733879089],[0.8511193990707397]
294,n04023962_3059,[0.891910195350647],[0.5944674611091614]
295,n04023962_30722,[0.49258482456207275],[0.3868200480937958]
296,n04023962_3158,[0.7554457187652588],[0.6941594481468201]
297,n04023962_3168,[0.48533931374549866],[0.3178545832633972]
298,n04023962_3189,[0.4898182451725006],[0.40703582763671875]
299,n04023962_32154,[0.7485955357551575],[0.6147441864013672]
300,n04023962_3221,[0.6693597435951233],[0.5570976734161377]
301,n04023962_32432,[0.7769210934638977],[0.4817734360694885]
302,n04023962_3245,[0.8136613368988037],[0.724187970161438]
303,n04023962_3247,[0.8083177804946899],[0.7136922478675842]
304,n04023962_3252,[0.673115611076355],[0.5568918585777283]
305,n04023962_3261,[0.6731265783309937],[0.520784318447113]
306,n04023962_32729,[0.8421528339385986],[0.6668161749839783]
307,n04023962_3281,[0.6555901765823364],[0.6011502742767334]
308,n04023962_3319,[0.6647040247917175],[0.5077749490737915]
309,n04023962_3321,[0.7759605646133423],[0.6547693610191345]
310,n04023962_3327,[0.876720666885376],[0.8294669985771179]
311,n04023962_3329,[0.6243398189544678],[0.4361838102340698]
312,n04023962_33780,[0.5305790901184082],[0.28445491194725037]
313,n04023962_3395,[0.8137621879577637],[0.5880255699157715]
314,n04023962_34192,[0.9911289215087891],[0.8318423628807068]
315,n04023962_34288,[0.17558127641677856],[0.1330217868089676]
316,n04023962_3436,[0.9615268111228943],[0.583890974521637]
317,n04023962_3468,[0.839471161365509],[0.7497242093086243]
318,n04023962_35074,[0.7123394012451172],[0.6633650064468384]
319,n04023962_3528,[0.7570362687110901],[0.5642898678779602]
320,n04023962_36,[0.9870460033416748],[0.8356094360351562]
321,n04023962_3609,[0.7528162002563477],[0.5805917978286743]
322,n04023962_3646,[0.8264076709747314],[0.7441038489341736]
323,n04023962_3696,[0.765092134475708],[0.6262685060501099]
324,n04023962_3705,[0.5862205028533936],[0.4916202425956726]
325,n04023962_3809,[0.7829761505126953],[0.6557365655899048]
326,n04023962_384,[0.6761259436607361],[0.5389132499694824]
327,n04023962_3854,[0.801140546798706],[0.6730678081512451]
328,n04023962_39180,[0.5905146598815918],[0.498962938785553]
329,n04023962_3923,[0.5703156590461731],[0.437831848859787]
330,n04023962_39372,[0.7501476407051086],[0.4800730049610138]
331,n04023962_3941,[0.7259283065795898],[0.6184518337249756]
332,n04023962_39676,[0.796974241733551],[0.6266883015632629]
333,n04023962_4062,[0.9254662990570068],[0.6902473568916321]
334,n04023962_40788,[0.4907667636871338],[0.4112080931663513]
335,n04023962_40822,[0.6234166026115417],[0.47237300872802734]
336,n04023962_4133,[0.7164992094039917],[0.45315104722976685]
337,n04023962_4180,[0.5412939786911011],[0.4169919490814209]
338,n04023962_4199,[0.8337314128875732],[0.7099109888076782]
339,n04023962_4206,[0.6571067571640015],[0.6213906407356262]
340,n04023962_4233,[0.7468094825744629],[0.6643246412277222]
341,n04023962_42351,[0.7219328284263611],[0.4651855528354645]
342,n04023962_42421,[0.8160971999168396],[0.5866128206253052]
343,n04023962_4289,[0.729590892791748],[0.5859598517417908]
344,n04023962_4313,[0.8065448999404907],[0.5666110515594482]
345,n04023962_43198,[0.494001567363739],[0.3968481123447418]
346,n04023962_4325,[0.41351714730262756],[0.34077155590057373]
347,n04023962_43764,[0.6040700078010559],[0.453357458114624]
348,n04023962_4414,[0.9796885251998901],[0.9230391383171082]
349,n04023962_44316,[0.42129528522491455],[0.3875276446342468]
350,n04023962_4432,[0.6944685280323029],[0.5850338935852051]
351,n04023962_4464,[0.5083352327346802],[0.36177608370780945]
352,n04023962_4487,[0.3085704743862152],[0.2697269916534424]
353,n04023962_4493,[0.35925930738449097],[0.22454282641410828]
354,n04023962_4579,[0.7034292221069336],[0.4816223978996277]
355,n04023962_4658,[0.6110233664512634],[0.47642725706100464]
356,n04023962_466,[0.4393278956413269],[0.3496049642562866]
357,n04023962_46802,[0.38451552391052246],[0.32854437828063965]
358,n04023962_46827,[0.46329444646835327],[0.24766400456428528]
359,n04023962_47,[0.7113610506057739],[0.49259379506111145]
360,n04023962_47219,[0.6757834553718567],[0.4786267876625061]
361,n04023962_47600,[0.22456251084804535],[0.16681958734989166]
362,n04023962_4809,[0.8614418506622314],[0.7742692232131958]
363,n04023962_4827,[0.48540231585502625],[0.4521307945251465]
364,n04023962_4833,[0.6494086980819702],[0.43424832820892334]
365,n04023962_4929,[0.5058887004852295],[0.36782288551330566]
366,n04023962_50242,[0.865570068359375],[0.6971343755722046]
367,n04023962_50496,[0.8434928059577942],[0.781300961971283]
368,n04023962_5050,[0.6353175044059753],[0.5421828627586365]
369,n04023962_50943,[0.49546611309051514],[0.33209189772605896]
370,n04023962_51095,[0.7650657296180725],[0.6908372044563293]
371,n04023962_5110,[0.921849250793457],[0.6747941970825195]
372,n04023962_5111,[0.7361162304878235],[0.6185368895530701]
373,n04023962_51243,[0.7569613456726074],[0.6363515853881836]
374,n04023962_51319,[0.7724785208702087],[0.6879525184631348]
375,n04023962_5147,[0.5549139976501465],[0.47006887197494507]
376,n04023962_5156,[0.6279668211936951],[0.4974067509174347]
377,n04023962_51627,[1.0],[1.0]
378,n04023962_51903,[0.7074037790298462],[0.5294057726860046]
379,n04023962_52205,[0.7255575656890869],[0.567893385887146]
380,n04023962_52480,[0.7217522263526917],[0.6115334033966064]
381,n04023962_5262,[0.9840179085731506],[0.9510258585214615]
382,n04023962_53511,[0.348909854888916],[0.2395862378180027]
383,n04023962_543,[0.704831063747406],[0.4129028916358948]
384,n04023962_5457,[0.8535248637199402],[0.7475160956382751]
385,n04023962_5491,[0.7972927093505859],[0.74587082862854]
386,n04023962_5512,[0.794426441192627],[0.5555641651153564]
387,n04023962_5523,[0.7887995839118958],[0.6000792980194092]
388,n04023962_5540,[0.7924396991729736],[0.559507429599762]
389,n04023962_5610,[0.8415098190307617],[0.7513523697853088]
390,n04023962_566,[0.8883115649223328],[0.8065773844718933]
391,n04023962_5670,[0.743671178817749],[0.45560869574546814]
392,n04023962_5760,[0.9624229669570923],[0.8725037574768066]
393,n04023962_5786,[0.7352323532104492],[0.3818005919456482]
394,n04023962_5810,[0.6805998682975769],[0.49287521839141846]
395,n04023962_5896,[0.8813794255256653],[0.7805388569831848]
396,n04023962_593,[0.614203929901123],[0.4940134882926941]
397,n04023962_5933,[0.6582476496696472],[0.6582476496696472]
398,n04023962_5981,[0.7300118803977966],[0.5690535306930542]
399,n04023962_5986,[0.6671541333198547],[0.492542564868927]
400,n04023962_6019,[0.877102255821228],[0.5602389574050903]
401,n04023962_6050,[0.5531521737575531],[0.41197311878204346]
402,n04023962_6059,[0.5178818702697754],[0.4315173029899597]
403,n04023962_6069,[0.9017399549484253],[0.8132079243659973]
404,n04023962_6111,[0.7675666809082031],[0.625981330871582]
405,n04023962_6150,[0.7094146013259888],[0.5129145383834839]
406,n04023962_6152,[0.46507421135902405],[0.34188446402549744]
407,n04023962_6154,[0.4905715882778168],[0.3283523619174957]
408,n04023962_6185,[0.8154342770576477],[0.662375271320343]
409,n04023962_6201,[0.43002623319625854],[0.34664711356163025]
410,n04023962_6226,[0.8287736177444458],[0.4986991286277771]
411,n04023962_6239,[0.840816855430603],[0.6827207803726196]
412,n04023962_6241,[0.954789400100708],[0.8156634569168091]
413,n04023962_6257,[0.7252717614173889],[0.538422703742981]
414,n04023962_6261,[0.734420120716095],[0.550849437713623]
415,n04023962_6267,[0.8426650762557983],[0.5732790231704712]
416,n04023962_6284,[0.8678326606750488],[0.7302863597869873]
417,n04023962_6288,[0.7574455142021179],[0.6194448471069336]
418,n04023962_6289,[0.7810173034667969],[0.6213773488998413]
419,n04023962_629,[0.8825961351394653],[0.7020359635353088]
420,n04023962_6300,[0.7509062886238098],[0.5741798877716064]
421,n04023962_6314,[0.5909761786460876],[0.47840753197669983]
422,n04023962_6341,[0.3485347032546997],[0.2792545258998871]
423,n04023962_6355,[0.9309844970703125],[0.8540647029876709]
424,n04023962_6377,[0.6524984240531921],[0.5100469589233398]
425,n04023962_6386,[0.5876100659370422],[0.3749517500400543]
426,n04023962_6390,[0.8364511728286743],[0.5789082646369934]
427,n04023962_6400,[0.6759592890739441],[0.5053015351295471]
428,n04023962_6401,[0.6032009124755859],[0.480227530002594]
429,n04023962_6430,[0.4433962106704712],[0.3458361029624939]
430,n04023962_6456,[0.5630118250846863],[0.4130447804927826]
431,n04023962_6489,[0.8066307306289673],[0.6775345206260681]
432,n04023962_6550,[0.8623769283294678],[0.6750322580337524]
433,n04023962_6551,[0.804263710975647],[0.6778562068939209]
434,n04023962_6576,[0.7632843255996704],[0.4503512680530548]
435,n04023962_6579,[0.5580318570137024],[0.35961011052131653]
436,n04023962_6591,[0.8427360653877258],[0.7596327066421509]
437,n04023962_6593,[0.7660819292068481],[0.708950400352478]
438,n04023962_6614,[0.7801282405853271],[0.5499411225318909]
439,n04023962_6615,[0.7364550828933716],[0.5110741853713989]
440,n04023962_6647,[0.8192952871322632],[0.6173269748687744]
441,n04023962_6676,[0.834783673286438],[0.6505042910575867]
442,n04023962_6677,[0.8886531591415405],[0.6170899868011475]
443,n04023962_6697,[0.8526102304458618],[0.6747244596481323]
444,n04023962_6757,[0.7668025493621826],[0.6526504755020142]
445,n04023962_6765,[0.8927664756774902],[0.7862721681594849]
446,n04023962_6779,[0.8593776226043701],[0.711400032043457]
447,n04023962_6783,[0.8259173631668091],[0.6882771253585815]
448,n04023962_6797,[0.4087933599948883],[0.31461101770401]
449,n04023962_6800,[0.6923134922981262],[0.5645177960395813]
450,n04023962_6813,[0.7442526817321777],[0.5556559562683105]
451,n04023962_6829,[0.8577316403388977],[0.7480471730232239]
452,n04023962_6833,[0.8889442682266235],[0.7501167058944702]
453,n04023962_6836,[0.8719331622123718],[0.6301844120025635]
454,n04023962_6837,[0.7239634394645691],[0.7022767663002014]
455,n04023962_6852,[0.6804987192153931],[0.5418058633804321]
456,n04023962_6854,[0.8367531299591064],[0.6981133818626404]
457,n04023962_6868,[0.6150487065315247],[0.5104185342788696]
458,n04023962_6874,[0.5153937339782715],[0.3820228576660156]
459,n04023962_6920,[0.9305074214935303],[0.7782600522041321]
460,n04023962_6955,[0.7759162187576294],[0.6272973418235779]
461,n04023962_7009,[0.6120792627334595],[0.5093438029289246]
462,n04023962_701,[0.6819913387298584],[0.5718951225280762]
463,n04023962_7017,[0.5890038013458252],[0.4714955985546112]
464,n04023962_7040,[0.8521458506584167],[0.813363254070282]
465,n04023962_7041,[0.7757836580276489],[0.6862691044807434]
466,n04023962_7049,[0.6761519908905029],[0.40179306268692017]
467,n04023962_7096,[0.7368677854537964],[0.4927394390106201]
468,n04023962_7104,[0.7139558792114258],[0.4849863648414612]
469,n04023962_7138,[0.8044745326042175],[0.5904501080513]
470,n04023962_7159,[0.7216166257858276],[0.6344664096832275]
471,n04023962_7251,[0.6727697849273682],[0.510921835899353]
472,n04023962_7261,[0.7826628088951111],[0.65450119972229]
473,n04023962_7284,[0.464885413646698],[0.31668955087661743]
474,n04023962_7323,[0.6974658966064453],[0.5796159505844116]
475,n04023962_7344,[0.5642139315605164],[0.4147440493106842]
476,n04023962_7353,[0.6670994758605957],[0.48015469312667847]
477,n04023962_7357,[0.4968544542789459],[0.3571951389312744]
478,n04023962_7376,[0.7591304779052734],[0.5455415844917297]
479,n04023962_7381,[0.6293407082557678],[0.4289664626121521]
480,n04023962_7383,[0.765295684337616],[0.6694086790084839]
481,n04023962_7403,[0.8631956577301025],[0.6961110234260559]
482,n04023962_7408,[0.9149295091629028],[0.5391309261322021]
483,n04023962_7410,[0.6227933764457703],[0.41772907972335815]
484,n04023962_7499,[0.6198313236236572],[0.3390488922595978]
485,n04023962_75,[0.5301232933998108],[0.29955023527145386]
486,n04023962_7530,[0.6805574893951416],[0.5027835369110107]
487,n04023962_7535,[0.8335701823234558],[0.5813366174697876]
488,n04023962_7555,[0.7484549283981323],[0.6458507180213928]
489,n04023962_7558,[0.9561070203781128],[0.8817834854125977]
490,n04023962_7565,[0.8984488248825073],[0.5878894925117493]
491,n04023962_7569,[0.7002917528152466],[0.5710445046424866]
492,n04023962_7570,[0.7095710039138794],[0.4682798385620117]
493,n04023962_7580,[0.7106100916862488],[0.5270957946777344]
494,n04023962_7629,[0.8808690309524536],[0.7728207111358643]
495,n04023962_7644,[0.5908854007720947],[0.47383588552474976]
496,n04023962_7648,[0.8646963834762573],[0.7431219816207886]
497,n04023962_7650,[0.7841261625289917],[0.4935648441314697]
498,n04023962_7675,[0.7913569211959839],[0.6927446126937866]
499,n04023962_7707,[0.41624006628990173],[0.3138445019721985]
500,n04023962_7722,[0.7460606694221497],[0.5434858798980713]
501,n04023962_7804,[0.8661430478096008],[0.7488879561424255]
502,n04023962_7822,[0.735557496547699],[0.5668888688087463]
503,n04023962_7893,[0.616391122341156],[0.40812844038009644]
504,n04023962_7918,[0.5663304924964905],[0.387184202671051]
505,n04023962_7921,[0.5191965103149414],[0.3509230613708496]
506,n04023962_7945,[0.8202731609344482],[0.7588067054748535]
507,n04023962_7963,[0.8331333994865417],[0.6868981719017029]
508,n04023962_7969,[0.8121762275695801],[0.6485817432403564]
509,n04023962_7987,[0.781064510345459],[0.6086094975471497]
510,n04023962_80,[0.7281172871589661],[0.5794491767883301]
511,n04023962_8015,[0.4354422986507416],[0.3129964768886566]
512,n04023962_8048,[0.6563947200775146],[0.5131219178438187]
513,n04023962_8100,[0.9290018081665039],[0.7544189691543579]
514,n04023962_8102,[0.8044372797012329],[0.6827877163887024]
515,n04023962_8128,[0.8193948268890381],[0.6182869076728821]
516,n04023962_8134,[0.8191031217575073],[0.6250267028808594]
517,n04023962_8166,[0.6618070602416992],[0.49052223563194275]
518,n04023962_8206,[0.7940965890884399],[0.6098315119743347]
519,n04023962_8283,[0.8908299207687378],[0.5677865743637085]
520,n04023962_8284,[0.6692811250686646],[0.4835773706436157]
521,n04023962_8290,[0.8628432750701904],[0.7438459396362305]
522,n04023962_8307,[0.5971978902816772],[0.5326352715492249]
523,n04023962_8327,[0.8522192239761353],[0.7173867225646973]
524,n04023962_8329,[0.735482931137085],[0.6006594896316528]
525,n04023962_8330,[0.5563766360282898],[0.38806986808776855]
526,n04023962_8370,[0.7558503746986389],[0.5970947742462158]
527,n04023962_8371,[0.8674540519714355],[0.6350031495094299]
528,n04023962_8378,[0.6096600294113159],[0.40941569209098816]
529,n04023962_8401,[0.9312344789505005],[0.7381476163864136]
530,n04023962_8413,[0.7776592969894409],[0.6603450179100037]
531,n04023962_8476,[0.48130694031715393],[0.38647907972335815]
532,n04023962_8486,[0.766612708568573],[0.5312395095825195]
533,n04023962_8514,[1.0],[0.7924787402153015]
534,n04023962_8564,[0.6741385459899902],[0.5060135126113892]
535,n04023962_8566,[0.9833604097366333],[0.893986701965332]
536,n04023962_8591,[0.8353465795516968],[0.6246576309204102]
537,n04023962_8621,[0.9492616057395935],[0.9144565463066101]
538,n04023962_8653,[0.8131777048110962],[0.7245145440101624]
539,n04023962_8659,[0.7366133332252502],[0.695284903049469]
540,n04023962_8661,[0.7206293344497681],[0.4140978455543518]
541,n04023962_8698,[0.6746723651885986],[0.5429481267929077]
542,n04023962_8712,[0.8878780007362366],[0.7377534508705139]
543,n04023962_873,[0.8096911907196045],[0.6278019547462463]
544,n04023962_8763,[0.857049822807312],[0.7695952653884888]
545,n04023962_8926,[0.5043660402297974],[0.3306630551815033]
546,n04023962_8949,[0.8162761926651001],[0.6032616496086121]
547,n04023962_8958,[0.8863911628723145],[0.7855621576309204]
548,n04023962_9059,[0.21581310033798218],[0.20678168535232544]
549,n04023962_9065,[0.6652164459228516],[0.45783594250679016]
550,n04023962_9073,[0.7240362167358398],[0.5945795774459839]
551,n04023962_9117,[0.8038594722747803],[0.7378836870193481]
552,n04023962_9149,[0.8275734186172485],[0.7238959074020386]
553,n04023962_9159,[0.5927358269691467],[0.3126748502254486]
554,n04023962_917,[0.9319880604743958],[0.7398704290390015]
555,n04023962_9205,[0.7175387144088745],[0.541791558265686]
556,n04023962_9229,[0.5795631408691406],[0.43065690994262695]
557,n04023962_9274,[0.6353838443756104],[0.47441935539245605]
558,n04023962_9294,[0.7716031074523926],[0.5433412790298462]
559,n04023962_9297,[0.6311265826225281],[0.5811143070459366]
560,n04023962_9328,[0.9487742185592651],[0.8479962944984436]
561,n04023962_9371,[0.7370250225067139],[0.6350952982902527]
562,n04023962_9398,[0.7811195850372314],[0.5844672322273254]
563,n04023962_9431,[0.5286790728569031],[0.42505139112472534]
564,n04023962_9478,[0.6017342209815979],[0.5362733602523804]
565,n04023962_9515,[0.8531856536865234],[0.6755267381668091]
566,n04023962_9543,[0.5463296175003052],[0.37356749176979065]
567,n04023962_9573,[0.7598099112510681],[0.6059600710868835]
568,n04023962_9625,[0.9374302625656128],[0.9052354693412781]
569,n04023962_9628,[0.6497669219970703],[0.6273840069770813]
570,n04023962_9655,[0.9380086064338684],[0.8328140377998352]
571,n04023962_966,[0.5310989022254944],[0.4789130687713623]
572,n04023962_9667,[0.8463201522827148],[0.6582052707672119]
573,n04023962_9679,[0.5611492395401001],[0.4443206191062927]
574,n04023962_9691,[0.6813063621520996],[0.5121890902519226]
575,n04023962_970,[0.60239177942276],[0.5275344848632812]
576,n04023962_9774,[0.7117098569869995],[0.578398585319519]
577,n04023962_9811,[0.6572282910346985],[0.4767252206802368]
578,n04023962_9838,[0.6280317306518555],[0.46323466300964355]
579,n04023962_9854,[0.8511601686477661],[0.5370320677757263]
580,n04023962_9857,[0.7019855976104736],[0.54878830909729]
581,n04023962_9891,[0.7462819218635559],[0.5725980699062347]
582,n04023962_9912,[0.6093928813934326],[0.43561261892318726]
583,n04023962_9955,[0.697647213935852],[0.5468049049377441]
584,n12144580_10063,[0.581325352191925],[0.4126100540161133]
585,n12144580_10170,[1.0],[1.0]
586,n12144580_10273,[0.8279713988304138],[0.7450476884841919]
587,n12144580_1030,[0.6603059768676758],[0.5124419927597046]
588,n12144580_10633,[0.7595111131668091],[0.618723452091217]
589,n12144580_10717,[0.6242534518241882],[0.3825123906135559]
590,n12144580_10853,[0.4076131582260132],[0.2982065677642822]
591,n12144580_10998,[0.5750961303710938],[0.5041061043739319]
592,n12144580_1107,[0.5836560130119324],[0.45612141489982605]
593,n12144580_11076,[0.7087637782096863],[0.568518340587616]
594,n12144580_11111,[0.5702834725379944],[0.4430329501628876]
595,n12144580_1119,[0.9481795430183411],[0.781649112701416]
596,n12144580_11204,[0.8751760125160217],[0.7235679626464844]
597,n12144580_11216,[0.8186526298522949],[0.648531973361969]
598,n12144580_11360,[0.6655740737915039],[0.5314961075782776]
599,n12144580_11371,[0.9649917483329773],[0.8623100519180298]
600,n12144580_11389,[0.8904418349266052],[0.5607352256774902]
601,n12144580_11449,[0.6740291714668274],[0.5216957926750183]
602,n12144580_11512,[0.2517653703689575],[0.14328251779079437]
603,n12144580_11515,[0.7728914022445679],[0.6013134717941284]
604,n12144580_11662,[0.6502785682678223],[0.5617126822471619]
605,n12144580_11696,[0.6625509858131409],[0.48552054166793823]
606,n12144580_11764,[0.8447678685188293],[0.5956587195396423]
607,n12144580_11769,[0.472732812166214],[0.4001140594482422]
608,n12144580_11785,[1.0],[0.8995177149772644]
609,n12144580_11869,[0.9016026258468628],[0.8389979004859924]
610,n12144580_11956,[0.4118318557739258],[0.3486468493938446]
611,n12144580_1196,[0.8293333053588867],[0.662584662437439]
612,n12144580_12001,[0.7391386032104492],[0.6177679300308228]
613,n12144580_12048,[0.7666588425636292],[0.47712981700897217]
614,n12144580_1205,[1.0],[0.8456981778144836]
615,n12144580_1218,[0.8746477365493774],[0.6983169317245483]
616,n12144580_12186,[0.6752573847770691],[0.5728718638420105]
617,n12144580_12189,[0.746469259262085],[0.46386218070983887]
618,n12144580_12317,[0.804475724697113],[0.6994653940200806]
619,n12144580_12394,[1.0],[0.8320542573928833]
620,n12144580_12409,[0.8546305894851685],[0.7433115243911743]
621,n12144580_12415,[0.7355518937110901],[0.48980921506881714]
622,n12144580_12487,[0.20162346959114075],[0.20162346959114075]
623,n12144580_12755,[0.8782061338424683],[0.7285074591636658]
624,n12144580_12913,[0.9860692024230957],[0.7726951837539673]
625,n12144580_1293,[0.8809773325920105],[0.7664216756820679]
626,n12144580_12943,[0.8675780296325684],[0.7452006340026855]
627,n12144580_12948,[0.5697968006134033],[0.4211479723453522]
628,n12144580_13023,[0.7114040851593018],[0.43906253576278687]
629,n12144580_13111,[0.7961660623550415],[0.6433625221252441]
630,n12144580_13164,[0.9385538697242737],[0.8705978989601135]
631,n12144580_13237,[0.7409592270851135],[0.5178828239440918]
632,n12144580_13268,[0.669846773147583],[0.5017218589782715]
633,n12144580_13373,[0.6892181038856506],[0.5101860761642456]
634,n12144580_1350,[0.787563681602478],[0.6871747374534607]
635,n12144580_13516,[0.7100356817245483],[0.5666730403900146]
636,n12144580_1373,[1.0],[0.9485770463943481]
637,n12144580_13809,[1.0],[0.8700001835823059]
638,n12144580_13851,[0.9072167277336121],[0.6917567253112793]
639,n12144580_14007,[0.7191325426101685],[0.4743030071258545]
640,n12144580_14033,[0.8037437796592712],[0.6536139249801636]
641,n12144580_1404,[0.47606784105300903],[0.41190463304519653]
642,n12144580_1410,[0.6530099511146545],[0.46024006605148315]
643,n12144580_14100,[0.8102119565010071],[0.717203676700592]
644,n12144580_14110,[0.6684532165527344],[0.5087301731109619]
645,n12144580_14114,[0.6662365794181824],[0.5265612006187439]
646,n12144580_14203,[0.9368669390678406],[0.8743922710418701]
647,n12144580_14252,[0.659174919128418],[0.5572382211685181]
648,n12144580_14255,[0.8398885726928711],[0.7100402116775513]
649,n12144580_14263,[0.9435979127883911],[0.8240147829055786]
650,n12144580_14317,[0.7610824704170227],[0.36869674921035767]
651,n12144580_1444,[0.7689747214317322],[0.6003726124763489]
652,n12144580_14458,[1.0],[0.86716628074646]
653,n12144580_14531,[0.8079737424850464],[0.7154183387756348]
654,n12144580_14610,[0.6519476771354675],[0.4819334149360657]
655,n12144580_1470,[0.6912806630134583],[0.5231709480285645]
656,n12144580_1473,[0.4883946180343628],[0.21925127506256104]
657,n12144580_1480,[0.8562544584274292],[0.7806133031845093]
658,n12144580_15066,[0.5489348769187927],[0.49316343665122986]
659,n12144580_15081,[0.784888744354248],[0.6675629019737244]
660,n12144580_1514,[0.7268333435058594],[0.5833659768104553]
661,n12144580_15140,[0.5001814961433411],[0.38231199979782104]
662,n12144580_15151,[0.6951050758361816],[0.5455518364906311]
663,n12144580_1523,[0.744337797164917],[0.6383309960365295]
664,n12144580_15425,[0.7356857061386108],[0.6031649112701416]
665,n12144580_15725,[0.8813756704330444],[0.6928643584251404]
666,n12144580_15743,[0.6516034603118896],[0.5047550201416016]
667,n12144580_1578,[0.9716734290122986],[0.8092896938323975]
668,n12144580_15802,[0.5289955735206604],[0.3366164565086365]
669,n12144580_15901,[0.6571833491325378],[0.5098066926002502]
670,n12144580_15909,[0.9568753242492676],[0.8791092038154602]
671,n12144580_15976,[0.5332164764404297],[0.3528340458869934]
672,n12144580_15987,[0.8041178584098816],[0.5756410360336304]
673,n12144580_1599,[0.9047231674194336],[0.7195202112197876]
674,n12144580_16104,[0.6456507444381714],[0.47627824544906616]
675,n12144580_16119,[0.8625971078872681],[0.7174638509750366]
676,n12144580_1613,[0.8366675972938538],[0.7839792966842651]
677,n12144580_16136,[0.682355523109436],[0.43182528018951416]
678,n12144580_1622,[0.680203914642334],[0.5467017292976379]
679,n12144580_16229,[0.6291974782943726],[0.47711026668548584]
680,n12144580_16437,[0.8160685896873474],[0.785378098487854]
681,n12144580_16440,[0.8225041627883911],[0.6354324817657471]
682,n12144580_16448,[0.9280722141265869],[0.860831081867218]
683,n12144580_16462,[0.6880046129226685],[0.47340476512908936]
684,n12144580_16482,[0.7999045848846436],[0.6797062754631042]
685,n12144580_16514,[0.4808896780014038],[0.3449442982673645]
686,n12144580_16634,[0.48253172636032104],[0.4029691815376282]
687,n12144580_16641,[1.0],[0.7985724806785583]
688,n12144580_16648,[0.6352382898330688],[0.5192221403121948]
689,n12144580_16840,[0.6238831877708435],[0.4857632517814636]
690,n12144580_16897,[0.5932931900024414],[0.49202701449394226]
691,n12144580_16926,[0.6959623694419861],[0.5010534524917603]
692,n12144580_16960,[0.6573909521102905],[0.4224982261657715]
693,n12144580_1699,[0.8830655813217163],[0.559873104095459]
694,n12144580_17008,[0.8884092569351196],[0.8422570824623108]
695,n12144580_17024,[0.5391920804977417],[0.415200412273407]
696,n12144580_1715,[0.9397266507148743],[0.8157967329025269]
697,n12144580_17153,[0.5280114412307739],[0.3942035436630249]
698,n12144580_1728,[0.8095145225524902],[0.5968554019927979]
699,n12144580_17329,[0.7460149526596069],[0.6302189826965332]
700,n12144580_1759,[0.5754891633987427],[0.38697266578674316]
701,n12144580_17610,[0.5758402943611145],[0.4231741428375244]
702,n12144580_17708,[0.786895751953125],[0.7394520044326782]
703,n12144580_17732,[1.0],[0.8764159679412842]
704,n12144580_17793,[0.6767170429229736],[0.5173520445823669]
705,n12144580_17848,[0.6192156672477722],[0.46085667610168457]
706,n12144580_17946,[0.9533195495605469],[0.8483816385269165]
707,n12144580_18055,[0.9533505439758301],[0.8566049337387085]
708,n12144580_18124,[0.8683995008468628],[0.7671520709991455]
709,n12144580_18266,[0.5745766162872314],[0.457791268825531]
710,n12144580_18305,[0.5121201276779175],[0.3431079685688019]
711,n12144580_18315,[0.705954909324646],[0.4385075569152832]
712,n12144580_18369,[0.7589226365089417],[0.6405307054519653]
713,n12144580_1841,[0.8167370557785034],[0.6690075397491455]
714,n12144580_18430,[0.5798001885414124],[0.46887505054473877]
715,n12144580_1850,[0.7695043087005615],[0.660480260848999]
716,n12144580_18516,[0.6081785559654236],[0.5107605457305908]
717,n12144580_18531,[0.3907451033592224],[0.3907451033592224]
718,n12144580_18558,[0.8189919590950012],[0.7605981230735779]
719,n12144580_1856,[0.7663126587867737],[0.7071808576583862]
720,n12144580_1874,[0.7905013561248779],[0.6417264938354492]
721,n12144580_18749,[0.9353498220443726],[0.7982179522514343]
722,n12144580_19128,[0.8632824420928955],[0.7048030495643616]
723,n12144580_19321,[0.9633318185806274],[0.7742962837219238]
724,n12144580_19683,[0.6087944507598877],[0.5745501518249512]
725,n12144580_19761,[0.43661458790302277],[0.3605261743068695]
726,n12144580_1978,[1.0],[1.0]
727,n12144580_19832,[0.805436372756958],[0.6692987680435181]
728,n12144580_20014,[0.7267298102378845],[0.6317285895347595]
729,n12144580_20016,[0.622730553150177],[0.4769982397556305]
730,n12144580_20113,[0.7090219259262085],[0.6343456506729126]
731,n12144580_20184,[0.6993857622146606],[0.5791877508163452]
732,n12144580_20226,[0.9377708435058594],[0.7837202548980713]
733,n12144580_2029,[0.8425000905990601],[0.7830166816711426]
734,n12144580_20376,[0.9353891015052795],[0.7940064668655396]
735,n12144580_20382,[0.7447776198387146],[0.4539056718349457]
736,n12144580_2056,[0.815624475479126],[0.6694995760917664]
737,n12144580_2068,[0.6433848738670349],[0.521419882774353]
738,n12144580_207,[0.8267073035240173],[0.789596676826477]
739,n12144580_2097,[0.539533257484436],[0.428750604391098]
740,n12144580_2136,[0.6018968820571899],[0.5088826417922974]
741,n12144580_21459,[0.6426159739494324],[0.5276608467102051]
742,n12144580_2172,[0.8823027610778809],[0.7870144248008728]
743,n12144580_21751,[0.8584082126617432],[0.6918157935142517]
744,n12144580_21879,[0.8360077738761902],[0.6877400279045105]
745,n12144580_22749,[0.8241797685623169],[0.5864951610565186]
746,n12144580_22834,[0.6833860576152802],[0.4625202417373657]
747,n12144580_2285,[1.0],[0.933029294013977]
748,n12144580_22985,[0.768341064453125],[0.5267087817192078]
749,n12144580_2344,[0.8709100484848022],[0.7357140779495239]
750,n12144580_2394,[0.9196756482124329],[0.431331604719162]
751,n12144580_245,[0.9626739025115967],[0.8742730617523193]
752,n12144580_2499,[0.6939953565597534],[0.5282474160194397]
753,n12144580_2514,[0.7637642621994019],[0.7212134599685669]
754,n12144580_2546,[0.8139537572860718],[0.45874959230422974]
755,n12144580_2552,[0.8319119215011597],[0.7054569125175476]
756,n12144580_25593,[0.9251718521118164],[0.7870165705680847]
757,n12144580_2575,[0.9693028926849365],[0.9078202843666077]
758,n12144580_2590,[0.757975697517395],[0.6152845025062561]
759,n12144580_26167,[0.7773913741111755],[0.5183416604995728]
760,n12144580_2638,[0.8056603074073792],[0.7563803195953369]
761,n12144580_26588,[1.0],[0.8371772766113281]
762,n12144580_2710,[0.9060570001602173],[0.8250716328620911]
763,n12144580_27138,[0.6699954271316528],[0.5302465558052063]
764,n12144580_27161,[0.6524022221565247],[0.5213775038719177]
765,n12144580_2750,[0.9816243052482605],[0.9562271237373352]
766,n12144580_27512,[0.8106569051742554],[0.7102844715118408]
767,n12144580_27670,[0.7182955741882324],[0.6030198335647583]
768,n12144580_2775,[0.9156852960586548],[0.7423436641693115]
769,n12144580_2831,[0.5655118227005005],[0.42812901735305786]
770,n12144580_2845,[0.655067503452301],[0.5351826548576355]
771,n12144580_2847,[0.8618510365486145],[0.7103149890899658]
772,n12144580_285,[0.5887770652770996],[0.42333847284317017]
773,n12144580_2880,[0.6897469162940979],[0.4534919559955597]
774,n12144580_2891,[0.7963903546333313],[0.6198002099990845]
775,n12144580_29007,[0.8025795221328735],[0.6834440231323242]
776,n12144580_29148,[0.5930113792419434],[0.4291711449623108]
777,n12144580_29286,[0.5938405990600586],[0.5059239864349365]
778,n12144580_2930,[0.9593427777290344],[0.8694254755973816]
779,n12144580_29305,[0.9646304845809937],[0.6916869282722473]
780,n12144580_2951,[0.7288236618041992],[0.5921101570129395]
781,n12144580_2967,[0.7229729294776917],[0.6624730229377747]
782,n12144580_2971,[0.6455549001693726],[0.4968549311161041]
783,n12144580_29753,[0.3730640411376953],[0.3730640411376953]
784,n12144580_2976,[0.7384195327758789],[0.6271042823791504]
785,n12144580_2979,[0.4906868636608124],[0.4906868636608124]
786,n12144580_29838,[0.8938735723495483],[0.7839373350143433]
787,n12144580_29844,[0.7270910739898682],[0.5611066818237305]
788,n12144580_300,[0.5835195183753967],[0.4210575222969055]
789,n12144580_3008,[0.7490834593772888],[0.616999477148056]
790,n12144580_3010,[0.5769867897033691],[0.4374918043613434]
791,n12144580_3023,[0.8676563501358032],[0.7170969843864441]
792,n12144580_306,[1.0],[0.9174982905387878]
793,n12144580_30601,[0.5180572271347046],[0.4547843933105469]
794,n12144580_30606,[0.6863800287246704],[0.5461423397064209]
795,n12144580_30698,[0.7851781845092773],[0.610747754573822]
796,n12144580_30849,[0.5274041891098022],[0.47947871685028076]
797,n12144580_30869,[0.6417368054389954],[0.4483688473701477]
798,n12144580_3095,[0.8975659608840942],[0.8026298880577087]
799,n12144580_31358,[0.608521580696106],[0.4886482357978821]
800,n12144580_3141,[0.5789629817008972],[0.3704532980918884]
801,n12144580_3149,[0.7730728387832642],[0.6125752925872803]
802,n12144580_3189,[0.6974257826805115],[0.6015120148658752]
803,n12144580_32031,[0.7554277777671814],[0.597603440284729]
804,n12144580_3247,[1.0],[0.9261813163757324]
805,n12144580_3252,[0.5245597958564758],[0.383766233921051]
806,n12144580_32819,[0.7459582686424255],[0.6188321113586426]
807,n12144580_3328,[0.7996388673782349],[0.6000238656997681]
808,n12144580_3335,[0.8594397306442261],[0.7901960015296936]
809,n12144580_33372,[0.7176144123077393],[0.588492751121521]
810,n12144580_3357,[0.9008002877235413],[0.7446751594543457]
811,n12144580_33584,[0.8005241751670837],[0.6777982711791992]
812,n12144580_3386,[0.7315104007720947],[0.5396497249603271]
813,n12144580_3389,[1.0],[0.8397331833839417]
814,n12144580_33991,[0.37963351607322693],[0.3445517420768738]
815,n12144580_34181,[0.6675688624382019],[0.46126633882522583]
816,n12144580_3420,[0.8819500207901001],[0.6817697286605835]
817,n12144580_34769,[0.6875433325767517],[0.5940065383911133]
818,n12144580_348,[0.6147558093070984],[0.5221802592277527]
819,n12144580_3481,[1.0],[0.8686456084251404]
820,n12144580_35335,[0.6126216650009155],[0.30775076150894165]
821,n12144580_35425,[0.8222894668579102],[0.6211438179016113]
822,n12144580_3581,[0.3468187749385834],[0.2613292932510376]
823,n12144580_3586,[0.6033306121826172],[0.37894105911254883]
824,n12144580_3604,[0.8518110513687134],[0.7261124849319458]
825,n12144580_3628,[0.6277207732200623],[0.553987443447113]
826,n12144580_3648,[0.5878556072711945],[0.43903836607933044]
827,n12144580_3664,[0.4882091283798218],[0.4273083806037903]
828,n12144580_3672,[0.758453905582428],[0.6223131418228149]
829,n12144580_37107,[0.79645174741745],[0.690915584564209]
830,n12144580_3725,[1.0],[0.9814633131027222]
831,n12144580_3727,[0.4307812452316284],[0.3684132397174835]
832,n12144580_37488,[0.7417658567428589],[0.5494596362113953]
833,n12144580_375,[0.5837633013725281],[0.37620431184768677]
834,n12144580_3753,[0.8420031070709229],[0.6616554856300354]
835,n12144580_37588,[0.7925790548324585],[0.6060383319854736]
836,n12144580_37617,[0.3904917538166046],[0.3904917538166046]
837,n12144580_3773,[0.9017410278320312],[0.8205385208129883]
838,n12144580_3801,[0.6976152658462524],[0.48788273334503174]
839,n12144580_38051,[0.6795301735401154],[0.4912395477294922]
840,n12144580_3831,[0.815205454826355],[0.6672202348709106]
841,n12144580_38310,[0.9550934433937073],[0.7495858669281006]
842,n12144580_3839,[0.6796063184738159],[0.4619826078414917]
843,n12144580_38441,[0.56407630443573],[0.45609399676322937]
844,n12144580_39003,[0.7670911550521851],[0.688476026058197]
845,n12144580_3915,[0.7704997062683105],[0.626014232635498]
846,n12144580_39293,[0.6431520581245422],[0.47344475984573364]
847,n12144580_3947,[0.4868929386138916],[0.41072630882263184]
848,n12144580_3952,[0.7559309601783752],[0.42956674098968506]
849,n12144580_3953,[0.7665481567382812],[0.5404497981071472]
850,n12144580_39695,[1.0],[0.9616421461105347]
851,n12144580_39862,[0.6364752054214478],[0.4151288866996765]
852,n12144580_39870,[0.6309452056884766],[0.4829217791557312]
853,n12144580_3988,[0.7479366064071655],[0.5448542237281799]
854,n12144580_39891,[0.38366490602493286],[0.28062179684638977]
855,n12144580_39967,[0.6688886880874634],[0.5487143397331238]
856,n12144580_4001,[0.5531337261199951],[0.4257054030895233]
857,n12144580_40013,[0.7567193508148193],[0.6297734379768372]
858,n12144580_4006,[0.7648710012435913],[0.6886304020881653]
859,n12144580_40363,[0.8537865281105042],[0.7833116054534912]
860,n12144580_4068,[0.8328989744186401],[0.746317982673645]
861,n12144580_4069,[0.8721338510513306],[0.7730273455381393]
862,n12144580_4070,[0.7851110696792603],[0.5999581217765808]
863,n12144580_4084,[0.758305549621582],[0.5973300933837891]
864,n12144580_40895,[0.5851695537567139],[0.3979128301143646]
865,n12144580_40933,[0.4296198785305023],[0.4296198785305023]
866,n12144580_4097,[0.7349132001399994],[0.6253523826599121]
867,n12144580_4126,[0.8396059274673462],[0.6274263858795166]
868,n12144580_4134,[0.791954755783081],[0.6683801859617233]
869,n12144580_41460,[0.7037211656570435],[0.5997495055198669]
870,n12144580_41465,[0.5454006195068359],[0.5276259183883667]
871,n12144580_4148,[1.0],[0.7470994591712952]
872,n12144580_4150,[0.709989070892334],[0.5420571565628052]
873,n12144580_41555,[0.7471214532852173],[0.567173957824707]
874,n12144580_41617,[0.5730906128883362],[0.2791508436203003]
875,n12144580_41683,[0.6228447556495667],[0.4318479299545288]
876,n12144580_4202,[0.6015264987945557],[0.40245312452316284]
877,n12144580_4244,[0.740599513053894],[0.5939126014709473]
878,n12144580_42698,[0.6031859517097473],[0.4961439073085785]
879,n12144580_4314,[0.846599280834198],[0.7353498935699463]
880,n12144580_43263,[0.7321425676345825],[0.5231679677963257]
881,n12144580_43715,[0.7167876362800598],[0.49980485439300537]
882,n12144580_43759,[0.7551797032356262],[0.5566978454589844]
883,n12144580_4384,[0.9716589450836182],[0.7148228287696838]
884,n12144580_43883,[0.7729130983352661],[0.6707514524459839]
885,n12144580_4392,[0.8027864694595337],[0.6860063076019287]
886,n12144580_43950,[0.943727970123291],[0.6275625824928284]
887,n12144580_44062,[0.7532464265823364],[0.5718801021575928]
888,n12144580_4422,[0.770535409450531],[0.5826625823974609]
889,n12144580_4448,[0.6639540195465088],[0.36687612533569336]
890,n12144580_44810,[0.7342584133148193],[0.41653215885162354]
891,n12144580_4483,[0.7878422737121582],[0.6749343276023865]
892,n12144580_4491,[0.7643778324127197],[0.569195568561554]
893,n12144580_4492,[0.5879573225975037],[0.4285614490509033]
894,n12144580_4495,[0.704463541507721],[0.551150381565094]
895,n12144580_44983,[0.68620365858078],[0.5055453777313232]
896,n12144580_45042,[0.9037230014801025],[0.8065053224563599]
897,n12144580_45150,[0.8394091725349426],[0.6732186675071716]
898,n12144580_4516,[0.7788801193237305],[0.6714940667152405]
899,n12144580_4520,[0.4021245837211609],[0.2956331968307495]
900,n12144580_45226,[0.8261769413948059],[0.6741939187049866]
901,n12144580_4532,[0.6377346515655518],[0.5144226551055908]
902,n12144580_45362,[0.951184868812561],[0.8795803785324097]
903,n12144580_45415,[0.7851176261901855],[0.6770573854446411]
904,n12144580_45418,[0.421567440032959],[0.322466641664505]
905,n12144580_4542,[0.46608003973960876],[0.3962354362010956]
906,n12144580_45515,[0.6355651617050171],[0.4336988627910614]
907,n12144580_4557,[0.7827735543251038],[0.7474907636642456]
908,n12144580_4562,[0.672921895980835],[0.5291381478309631]
909,n12144580_45628,[0.8113653659820557],[0.6669901609420776]
910,n12144580_45647,[1.0],[0.9537736177444458]
911,n12144580_4567,[0.9712926149368286],[0.7990019917488098]
912,n12144580_45773,[0.5645827651023865],[0.4536798596382141]
913,n12144580_4582,[0.8839662075042725],[0.7437418103218079]
914,n12144580_45992,[0.9497104287147522],[0.7652227878570557]
915,n12144580_460,[0.6534304022789001],[0.4943598210811615]
916,n12144580_46135,[0.63258957862854],[0.5079989433288574]
917,n12144580_4618,[0.7196762561798096],[0.6057674288749695]
918,n12144580_4626,[0.5913931131362915],[0.44353097677230835]
919,n12144580_4642,[0.774696946144104],[0.5062954425811768]
920,n12144580_4647,[0.7481346726417542],[0.6419869810342789]
921,n12144580_4648,[0.7300794720649719],[0.5640245079994202]
922,n12144580_46605,[0.9850185513496399],[0.6680143475532532]
923,n12144580_46649,[0.3098701536655426],[0.2280045449733734]
924,n12144580_4666,[0.7006502151489258],[0.5407209396362305]
925,n12144580_4669,[0.8846343755722046],[0.7232789993286133]
926,n12144580_4691,[0.6515038013458252],[0.5181063413619995]
927,n12144580_4711,[0.7735016345977783],[0.6362147331237793]
928,n12144580_47218,[0.8871213793754578],[0.8685766458511353]
929,n12144580_4733,[0.8400205969810486],[0.6076526641845703]
930,n12144580_47480,[0.6605501174926758],[0.5579097419977188]
931,n12144580_4759,[0.8236362934112549],[0.6396806836128235]
932,n12144580_47769,[0.7057903409004211],[0.4993247389793396]
933,n12144580_4780,[0.7691545486450195],[0.6835630536079407]
934,n12144580_47835,[0.7800085544586182],[0.6570167541503906]
935,n12144580_47888,[0.960708498954773],[0.8940478563308716]
936,n12144580_47922,[0.9268370866775513],[0.8054746985435486]
937,n12144580_48052,[0.6849273443222046],[0.49087968468666077]
938,n12144580_48167,[0.6987311244010925],[0.552821695804596]
939,n12144580_48236,[0.7561225891113281],[0.6652110815048218]
940,n12144580_48293,[0.6742040514945984],[0.6736636161804199]
941,n12144580_4837,[0.755170464515686],[0.6192833185195923]
942,n12144580_4846,[0.6597026586532593],[0.5029932260513306]
943,n12144580_4851,[0.6647673845291138],[0.513477087020874]
944,n12144580_4852,[0.5480434894561768],[0.42363685369491577]
945,n12144580_48583,[0.44556713104248047],[0.3291569948196411]
946,n12144580_48598,[0.7575788497924805],[0.7575788497924805]
947,n12144580_48647,[1.0],[0.7574590444564819]
948,n12144580_48662,[0.6882526278495789],[0.4538901448249817]
949,n12144580_48668,[0.7680363059043884],[0.467008113861084]
950,n12144580_48728,[0.5793070793151855],[0.3965606689453125]
951,n12144580_48763,[0.7129621505737305],[0.6144017577171326]
952,n12144580_4877,[0.7145500779151917],[0.7145500183105469]
953,n12144580_4878,[0.5349181890487671],[0.41771578788757324]
954,n12144580_488,[0.8508576154708862],[0.7135128974914551]
955,n12144580_4887,[0.7333929538726807],[0.6107696890830994]
956,n12144580_48889,[0.6193459033966064],[0.4963821768760681]
957,n12144580_49,[0.5928566455841064],[0.4978531301021576]
958,n12144580_49052,[0.5393749475479126],[0.4014272391796112]
959,n12144580_49176,[0.8043946623802185],[0.7088162302970886]
960,n12144580_49178,[0.6151358485221863],[0.4874645173549652]
961,n12144580_49190,[0.58013916015625],[0.45937585830688477]
962,n12144580_49267,[0.5363112688064575],[0.47091734409332275]
963,n12144580_49364,[0.7618876099586487],[0.5851483345031738]
964,n12144580_49530,[0.25483062863349915],[0.2358590066432953]
965,n12144580_4969,[0.4565940797328949],[0.3476067781448364]
966,n12144580_497,[0.643966794013977],[0.48535430431365967]
967,n12144580_4977,[0.9282554984092712],[0.8326994180679321]
968,n12144580_50076,[0.7873720526695251],[0.660970151424408]
969,n12144580_50099,[0.5736714601516724],[0.40675365924835205]
970,n12144580_50141,[0.6772150993347168],[0.5647764801979065]
971,n12144580_50243,[0.5093522071838379],[0.38837167620658875]
972,n12144580_5045,[0.7510535717010498],[0.6515544652938843]
973,n12144580_5048,[0.473253071308136],[0.44189321994781494]
974,n12144580_5051,[0.8089343309402466],[0.6672191619873047]
975,n12144580_50641,[0.7909364104270935],[0.5987042784690857]
976,n12144580_5065,[0.7045222520828247],[0.5353251099586487]
977,n12144580_5152,[1.0],[0.951246440410614]
978,n12144580_5210,[0.8779199123382568],[0.6743921041488647]
979,n12144580_5222,[0.592309832572937],[0.49126508831977844]
980,n12144580_5265,[0.8593710660934448],[0.5954912304878235]
981,n12144580_5309,[0.879358172416687],[0.6564559936523438]
982,n12144580_5329,[0.7904808521270752],[0.5687460899353027]
983,n12144580_5336,[1.0],[0.8434280157089233]
984,n12144580_5337,[0.5787551403045654],[0.5787551403045654]
985,n12144580_538,[0.7398473024368286],[0.5707666873931885]
986,n12144580_54,[0.8397849798202515],[0.7339563369750977]
987,n12144580_5417,[0.8784480690956116],[0.712334156036377]
988,n12144580_5485,[0.7922891974449158],[0.6604588627815247]
989,n12144580_5511,[0.6725994646549225],[0.44420474767684937]
990,n12144580_5531,[0.841179609298706],[0.7974177598953247]
991,n12144580_5536,[0.8799514770507812],[0.6840744018554688]
992,n12144580_5584,[0.8059488534927368],[0.662183403968811]
993,n12144580_5597,[0.8107967376708984],[0.607771098613739]
994,n12144580_5632,[0.7599878311157227],[0.711843729019165]
995,n12144580_5636,[0.916561484336853],[0.7809739112854004]
996,n12144580_5644,[0.8913791179656982],[0.7827310562133789]
997,n12144580_5647,[0.6642215251922607],[0.4227916896343231]
998,n12144580_5664,[0.7387916445732117],[0.6361904144287109]
999,n12144580_5669,[0.8852458000183105],[0.787533700466156]
1000,n12144580_5697,[0.8172672986984253],[0.700775146484375]
1001,n12144580_571,[0.7547342777252197],[0.7547342777252197]
1002,n12144580_5713,[1.0],[0.820461630821228]
1003,n12144580_5776,[0.6274550557136536],[0.47650378942489624]
1004,n12144580_5803,[0.8061113953590393],[0.6568658947944641]
1005,n12144580_5847,[0.8560473322868347],[0.6540453433990479]
1006,n12144580_5875,[0.579556941986084],[0.47347594797611237]
1007,n12144580_5887,[0.4353499412536621],[0.3986768424510956]
1008,n12144580_5888,[0.28794625401496887],[0.22164468467235565]
1009,n12144580_5932,[0.5811388492584229],[0.44884374737739563]
1010,n12144580_596,[0.666477620601654],[0.4745936393737793]
1011,n12144580_5962,[0.6083024740219116],[0.4601723551750183]
1012,n12144580_5980,[0.830275297164917],[0.7146075963973999]
1013,n12144580_6006,[0.596339225769043],[0.4560820460319519]
1014,n12144580_6033,[0.783099889755249],[0.691340446472168]
1015,n12144580_6055,[0.86710524559021],[0.7966842651367188]
1016,n12144580_6056,[0.9375970363616943],[0.77216637134552]
1017,n12144580_6265,[0.8589698076248169],[0.8037358522415161]
1018,n12144580_637,[0.7555357813835144],[0.4911346733570099]
1019,n12144580_6381,[0.671008288860321],[0.559902548789978]
1020,n12144580_64,[0.5144517421722412],[0.3378177285194397]
1021,n12144580_6447,[0.8397902250289917],[0.6714277267456055]
1022,n12144580_6453,[0.7566343545913696],[0.5387636423110962]
1023,n12144580_6520,[0.33239051699638367],[0.18518871068954468]
1024,n12144580_657,[0.7330424785614014],[0.4460575580596924]
1025,n12144580_6604,[0.7890411615371704],[0.591218113899231]
1026,n12144580_663,[0.9027225971221924],[0.7522275447845459]
1027,n12144580_6687,[0.7420773506164551],[0.6993247270584106]
1028,n12144580_680,[0.6504014730453491],[0.5340885519981384]
1029,n12144580_6888,[0.8007762432098389],[0.7046791911125183]
1030,n12144580_6985,[0.6117067337036133],[0.4851638078689575]
1031,n12144580_7189,[0.3585365414619446],[0.29852014780044556]
1032,n12144580_7260,[0.671745777130127],[0.49200934171676636]
1033,n12144580_7388,[0.7885390520095825],[0.5569057464599609]
1034,n12144580_7432,[0.5833575129508972],[0.2657195031642914]
1035,n12144580_7447,[0.7844691872596741],[0.7802701592445374]
1036,n12144580_7474,[0.6119884848594666],[0.5618470907211304]
1037,n12144580_7551,[0.9107537269592285],[0.8698821067810059]
1038,n12144580_7552,[0.8799526691436768],[0.6899569630622864]
1039,n12144580_756,[0.734921395778656],[0.44681888818740845]
1040,n12144580_7804,[0.7640800178050995],[0.6353926658630371]
1041,n12144580_7952,[0.7172857522964478],[0.4669828414916992]
1042,n12144580_7997,[0.6707291603088379],[0.5610885620117188]
1043,n12144580_8041,[0.6880645751953125],[0.5516894459724426]
1044,n12144580_805,[0.7127771377563477],[0.5177292823791504]
1045,n12144580_8132,[0.7047078013420105],[0.5683652758598328]
1046,n12144580_8270,[0.7281128168106079],[0.6176007390022278]
1047,n12144580_8329,[0.6563494205474854],[0.5006451606750488]
1048,n12144580_8452,[0.716364175081253],[0.4753279983997345]
1049,n12144580_8609,[0.6191064715385437],[0.47747284173965454]
1050,n12144580_8713,[0.6517767906188965],[0.42939114570617676]
1051,n12144580_8751,[0.5356875658035278],[0.4245716631412506]
1052,n12144580_8770,[0.7969765663146973],[0.7051398158073425]
1053,n12144580_8792,[0.6397004723548889],[0.5009984374046326]
1054,n12144580_8815,[0.724025547504425],[0.5588569641113281]
1055,n12144580_893,[0.5531349182128906],[0.37918582558631897]
1056,n12144580_8973,[0.6580930352210999],[0.5353448390960693]
1057,n12144580_9216,[0.7163572907447815],[0.5536127090454102]
1058,n12144580_9218,[0.9780154228210449],[0.8929871320724487]
1059,n12144580_922,[0.6873383522033691],[0.4597274959087372]
1060,n12144580_9246,[0.8423546552658081],[0.6654087901115417]
1061,n12144580_9364,[0.8058685064315796],[0.7568843364715576]
1062,n12144580_9438,[0.5518484711647034],[0.3380690813064575]
1063,n12144580_9553,[0.968503475189209],[0.8688555955886841]
1064,n12144580_9623,[0.7529357671737671],[0.562185525894165]
1065,n12144580_964,[0.7959930300712585],[0.6099711656570435]
1066,n12144580_9821,[0.719315767288208],[0.7147635221481323]
1067,n12144580_989,[0.5582485198974609],[0.4395568370819092]
